QuestionID,LegacyQuestionID,SurveyID,SurveyFocusArea,ScoreFocusArea,SpaceTypeID,CategoryID,SubcategoryID,SchoolLevel,QuestionText,Context,QuestionType,ScoringMode,QuestionWeight,DisplayOrder,IsRequired,IsActive,SourceSheet
ST-001,ST-001,SRV-STUDIOS,Studios,Studios,SPT-TRADITIONAL-STUDIO,CAT-TRADITIONAL-STUD-FUNCTION,SUB-TRADITIONAL--FUNCTION-AVAILABILITY,ALL,Is this space type present at the school?,,YesNo,SingleResponse,12,10,True,True,Studios
ST-002,ST-002,SRV-STUDIOS,Studios,Studios,SPT-TRADITIONAL-STUDIO,CAT-TRADITIONAL-STUD-FUNCTION,SUB-TRADITIONAL--FUNCTION-LAYOUT-AND-FLEXIBILITY,ALL,Does the room shape allow for clear sightlines and flexible room configuration options?,,YesNo,SingleResponse,12,20,True,True,Studios
ST-003,ST-003,SRV-STUDIOS,Studios,Studios,SPT-TRADITIONAL-STUDIO,CAT-TRADITIONAL-STUD-FUNCTION,SUB-TRADITIONAL--FUNCTION-LAYOUT-AND-FLEXIBILITY,ALL,"Is there a dedicated Peace Center within the studio (i.e., a furniture-based or designed ~25 SF space)?",Supports student self-regulation without leaving the studio,YesNo,SingleResponse,12,30,True,True,Studios
ST-004,ST-004,SRV-STUDIOS,Studios,Studios,SPT-TRADITIONAL-STUDIO,CAT-TRADITIONAL-STUD-FUNCTION,SUB-TRADITIONAL--FUNCTION-LAYOUT-AND-FLEXIBILITY,ALL,Select all that apply (instructional flexibility),"Supports whole-group, small-group, and independent learning",MultiSelect,MixedItemScoring,12,40,True,True,Studios
ST-005,ST-005,SRV-STUDIOS,Studios,Studios,SPT-TRADITIONAL-STUDIO,CAT-TRADITIONAL-STUD-INFRASTRUCTURE,SUB-TRADITIONAL--INFRASTRUCTU-UTILITIES-AND-TECHNOLO,ALL,Select all that apply (lighting),,MultiSelect,MixedItemScoring,12,50,True,True,Studios
ST-006,ST-006,SRV-STUDIOS,Studios,Studios,SPT-TRADITIONAL-STUDIO,CAT-TRADITIONAL-STUD-OCCUPANT-EXPERIENCE,SUB-TRADITIONAL--OCCUPANT-EXP-AESTHETICS,ALL,Which of the following describe the color scheme in the space?,"Supports a positive, non-monotonous learning environment",SingleSelect,SingleResponse,6,60,True,True,Studios
ST-007,ST-007,SRV-STUDIOS,Studios,Studios,SPT-TRADITIONAL-STUDIO,CAT-TRADITIONAL-STUD-OCCUPANT-EXPERIENCE,SUB-TRADITIONAL--OCCUPANT-EXP-OCCUPANT-COMFORT,ALL,Are there exterior windows?,,YesNo,SingleResponse,12,70,True,True,Studios
ST-008,ST-008,SRV-STUDIOS,Studios,Studios,SPT-TRADITIONAL-STUDIO,CAT-TRADITIONAL-STUD-OCCUPANT-EXPERIENCE,SUB-TRADITIONAL--OCCUPANT-EXP-OCCUPANT-COMFORT,ALL,Select all that apply (exterior windows),Supports wellbeing through connection to the outdoors,MultiSelect,MixedItemScoring,12,80,True,True,Studios
ST-009,ST-009,SRV-STUDIOS,Studios,Studios,SPT-TRADITIONAL-STUDIO,CAT-TRADITIONAL-STUD-OCCUPANT-EXPERIENCE,SUB-TRADITIONAL--OCCUPANT-EXP-OCCUPANT-COMFORT,ALL,What window coverings are provided on exterior windows?,Supports glare control and privacy,SingleSelect,SingleResponse,12,90,True,True,Studios
ST-010,ST-010,SRV-STUDIOS,Studios,Studios,SPT-TRADITIONAL-STUDIO,CAT-TRADITIONAL-STUD-AMENITIES,SUB-TRADITIONAL--AMENITIES-DISPLAY-AND-PRESENTATI,ES,"How much writable surface (e.g., markerboard) is provided, excluding glass? Include both fixed and mobile writable surfaces in your count.",,SingleSelect,SingleResponse,9,100,True,True,Studios
ST-010-MS-HS-2,ST-010,SRV-STUDIOS,Studios,Studios,SPT-TRADITIONAL-STUDIO,CAT-TRADITIONAL-STUD-AMENITIES,SUB-TRADITIONAL--AMENITIES-DISPLAY-AND-PRESENTATI,MS+HS,"How much writable surface (e.g., markerboard) is provided, excluding glass? Include both fixed and mobile writable surfaces in your count.",,SingleSelect,SingleResponse,9,110,True,True,Studios
ST-011,ST-011,SRV-STUDIOS,Studios,Studios,SPT-TRADITIONAL-STUDIO,CAT-TRADITIONAL-STUD-AMENITIES,SUB-TRADITIONAL--AMENITIES-DISPLAY-AND-PRESENTATI,ALL,Which built-in systems for displaying student work are provided?,,MultiSelect,Inventory,,120,True,True,Studios
ST-012,ST-012,SRV-STUDIOS,Studios,Studios,SPT-TRADITIONAL-STUDIO,CAT-TRADITIONAL-STUD-AMENITIES,SUB-TRADITIONAL--AMENITIES-DISPLAY-AND-PRESENTATI,ALL,How much tackboard/tackwall/tackstrip is provided? Include both fixed and mobile surfaces.,Supports display of student work,SingleSelect,SingleResponse,9,130,True,True,Studios
ST-013,ST-013,SRV-STUDIOS,Studios,Studios,SPT-TRADITIONAL-STUDIO,CAT-TRADITIONAL-STUD-AMENITIES,SUB-TRADITIONAL--AMENITIES-STORAGE,ES,How much casework is provided in the space?,,SingleSelect,SingleResponse,9,140,True,True,Studios
ST-014,ST-014,SRV-STUDIOS,Studios,Studios,SPT-TRADITIONAL-STUDIO,CAT-TRADITIONAL-STUD-AMENITIES,SUB-TRADITIONAL--AMENITIES-STORAGE,ES,How much countertop is provided in the space?,,SingleSelect,SingleResponse,9,150,True,True,Studios
ST-015,ST-015,SRV-STUDIOS,Studios,Studios,SPT-TRADITIONAL-STUDIO,CAT-TRADITIONAL-STUD-AMENITIES,SUB-TRADITIONAL--AMENITIES-STORAGE,ALL,Select all that apply (storage),,MultiSelect,Inventory,,160,True,True,Studios
ST-016,ST-016,SRV-STUDIOS,Studios,Studios,SPT-TRADITIONAL-STUDIO,CAT-TRADITIONAL-STUD-AMENITIES,SUB-TRADITIONAL--AMENITIES-STORAGE,ALL,How sufficient does the storage appear for the space's program needs?,,SingleSelect,SingleResponse,12,170,True,True,Studios
ST-017,ST-017,SRV-STUDIOS,Studios,Studios,SPT-TRADITIONAL-STUDIO,CAT-TRADITIONAL-STUD-INFRASTRUCTURE,SUB-TRADITIONAL--INFRASTRUCTU-UTILITIES-AND-TECHNOLO,ALL,"How many general-use outlets are provided? (Count each wall plate as one, regardless of the number of plugs.)",Supports adequate device charging access,SingleSelect,SingleResponse,12,180,True,True,Studios
ST-018,ST-018,SRV-STUDIOS,Studios,Studios,SPT-TRADITIONAL-STUDIO,CAT-TRADITIONAL-STUD-INFRASTRUCTURE,SUB-TRADITIONAL--INFRASTRUCTU-UTILITIES-AND-TECHNOLO,ALL,How many walls in the space have general-use outlets?,Supports adequate device charging access,SingleSelect,SingleResponse,12,190,True,True,Studios
ST-019,ST-019,SRV-STUDIOS,Studios,Studios,SPT-TRADITIONAL-STUDIO,CAT-TRADITIONAL-STUD-INFRASTRUCTURE,SUB-TRADITIONAL--INFRASTRUCTU-UTILITIES-AND-TECHNOLO,ALL,How many walls in the space have data outlets?,,SingleSelect,SingleResponse,12,200,True,True,Studios
ST-020,ST-020,SRV-STUDIOS,Studios,Studios,SPT-TRADITIONAL-STUDIO,CAT-TRADITIONAL-STUD-OCCUPANT-EXPERIENCE,SUB-TRADITIONAL--OCCUPANT-EXP-OCCUPANT-COMFORT,ALL,Select one (Temperature Control),,SingleSelect,SingleResponse,12,210,True,True,Studios
ST-021,ST-021,SRV-STUDIOS,Studios,Studios,SPT-TRADITIONAL-STUDIO,CAT-TRADITIONAL-STUD-OCCUPANT-EXPERIENCE,SUB-TRADITIONAL--OCCUPANT-EXP-SAFETY-AND-SUPERVISION,ALL,"Is visibility provided into the space from adjacent interior spaces (i.e., glass exists, even if currently covered)?",Supports supervision and learning on display,YesNo,SingleResponse,12,220,True,True,Studios
ST-022,ST-022,SRV-STUDIOS,Studios,Studios,SPT-TRADITIONAL-STUDIO,CAT-TRADITIONAL-STUD-OCCUPANT-EXPERIENCE,SUB-TRADITIONAL--OCCUPANT-EXP-SAFETY-AND-SUPERVISION,ALL,What type of visibility is provided into the space from adjacent interior spaces?,Identifies how supervision and visibility are achieved,MultiSelect,MixedItemScoring,12,230,True,True,Studios
ST-023,ST-023,SRV-STUDIOS,Studios,Studios,SPT-TRADITIONAL-STUDIO,CAT-TRADITIONAL-STUD-OCCUPANT-EXPERIENCE,SUB-TRADITIONAL--OCCUPANT-EXP-SAFETY-AND-SUPERVISION,ALL,Select all that apply (safety),Supports security and controlled visibility during emergencies,MultiSelect,MixedItemScoring,12,240,True,True,Studios
ST-024,ST-024,SRV-STUDIOS,Studios,Studios,SPT-TRADITIONAL-STUDIO,CAT-TRADITIONAL-STUD-AMENITIES,SUB-TRADITIONAL--AMENITIES-FURNITURE-AND-EQUIPMEN,ALL,Select all that are present (furniture),,MultiSelect,Inventory,,250,True,True,Studios
ST-025,ST-025,SRV-STUDIOS,Studios,Studios,SPT-TRADITIONAL-STUDIO,CAT-TRADITIONAL-STUD-AMENITIES,SUB-TRADITIONAL--AMENITIES-FURNITURE-AND-EQUIPMEN,ALL,How easily can the furniture be rearranged?,"Supports flexible, reconfigurable learning environment",SingleSelect,SingleResponse,12,260,True,True,Studios
ST-026,ST-026,SRV-STUDIOS,Studios,Studios,SPT-TRADITIONAL-STUDIO,CAT-TRADITIONAL-STUD-AMENITIES,SUB-TRADITIONAL--AMENITIES-FURNITURE-AND-EQUIPMEN,ALL,"How varied are the seating options for students (i.e., are multiple seating types available)?",Supports diverse learning and comfort needs,SingleSelect,SingleResponse,9,270,True,True,Studios
ST-027,ST-027,SRV-STUDIOS,Studios,Studios,SPT-TRADITIONAL-STUDIO,CAT-TRADITIONAL-STUD-AMENITIES,SUB-TRADITIONAL--AMENITIES-FURNITURE-AND-EQUIPMEN,ALL,What is the condition of the furniture?,Indicates furniture quality and maintenance needs,SingleSelect,SingleResponse,12,280,True,True,Studios
ST-028,ST-028,SRV-STUDIOS,Studios,Studios,SPT-TRADITIONAL-STUDIO,CAT-TRADITIONAL-STUD-INFRASTRUCTURE,SUB-TRADITIONAL--INFRASTRUCTU-FLOORING-AND-SURFACE-F,ALL,What type of flooring is in the space?,,SingleSelect,Inventory,,290,True,True,Studios
ST-029,ST-029,SRV-STUDIOS,Studios,Studios,SPT-TRADITIONAL-STUDIO,CAT-TRADITIONAL-STUD-FUNCTION,SUB-TRADITIONAL--FUNCTION-ADJACENCY-AND-ACCESS,ALL,What access does the space have to a collaboration space?,Supports connection to shared learning spaces,SingleSelect,SingleResponse,12,300,True,True,Studios
ST-030,ST-030,SRV-STUDIOS,Studios,Studios,SPT-TRADITIONAL-STUDIO,CAT-TRADITIONAL-STUD-FUNCTION,SUB-TRADITIONAL--FUNCTION-ADJACENCY-AND-ACCESS,ALL,What access does the space have to a small group room?,Supports connection to shared learning spaces,SingleSelect,SingleResponse,12,310,True,True,Studios
ST-031,ST-031,SRV-STUDIOS,Studios,Studios,SPT-TRADITIONAL-STUDIO,CAT-TRADITIONAL-STUD-FUNCTION,SUB-TRADITIONAL--FUNCTION-ADJACENCY-AND-ACCESS,ALL,Select all that are present (visibility into adjacent spaces),Allows teachers to send students to work independently outside the studio while remaining supervised,MultiSelect,MixedItemScoring,12,320,True,True,Studios
ST-032,ST-032,SRV-STUDIOS,Studios,Studios,SPT-TRADITIONAL-STUDIO,CAT-TRADITIONAL-STUD-FUNCTION,SUB-TRADITIONAL--FUNCTION-ADJACENCY-AND-ACCESS,ALL,What access does the space have to the exterior?,Supports outdoor learning opportunities,SingleSelect,SingleResponse,12,330,True,True,Studios
ST-033,ST-033,SRV-STUDIOS,Studios,Studios,SPT-TRADITIONAL-STUDIO,CAT-TRADITIONAL-STUD-AMENITIES,SUB-TRADITIONAL--AMENITIES-FURNITURE-AND-EQUIPMEN,ALL,Select all that are present (general inventory),,MultiSelect,Inventory,,340,True,True,Studios
MS-001,MS-001,SRV-STUDIOS,Studios,Studios,SPT-MAKER-SPACE,CAT-MAKER-SPACE-FUNCTION,SUB-MAKER-SPACE-FUNCTION-AVAILABILITY,ES,Is there a dedicated Maker Space?,,SingleSelect,SingleResponse,12,350,True,True,Maker Space
MS-002,MS-002,SRV-STUDIOS,Studios,Studios,SPT-MAKER-SPACE,CAT-MAKER-SPACE-FUNCTION,SUB-MAKER-SPACE-FUNCTION-AVAILABILITY,MS+HS,Is there a dedicated Maker Space?,,SingleSelect,SingleResponse,12,360,True,True,Maker Space
MS-003,MS-003,SRV-STUDIOS,Studios,Studios,SPT-MAKER-SPACE,CAT-MAKER-SPACE-FUNCTION,SUB-MAKER-SPACE-FUNCTION-LAYOUT-AND-FLEXIBILITY,ALL,Does the room shape allow for clear sightlines and flexible room configuration options?,,YesNo,SingleResponse,12,370,True,True,Maker Space
MS-004,MS-004,SRV-STUDIOS,Studios,Studios,SPT-MAKER-SPACE,CAT-MAKER-SPACE-INFRASTRUCTURE,SUB-MAKER-SPACE-INFRASTRUCTU-UTILITIES-AND-TECHNOLO,ALL,Select all that apply (Lighting),,MultiSelect,MixedItemScoring,12,380,True,True,Maker Space
MS-005,MS-005,SRV-STUDIOS,Studios,Studios,SPT-MAKER-SPACE,CAT-MAKER-SPACE-OCCUPANT-EXPERIENCE,SUB-MAKER-SPACE-OCCUPANT-EXP-AESTHETICS,ALL,Which of the following describe the color scheme in the space?,,SingleSelect,SingleResponse,6,390,True,True,Maker Space
MS-006,MS-006,SRV-STUDIOS,Studios,Studios,SPT-MAKER-SPACE,CAT-MAKER-SPACE-OCCUPANT-EXPERIENCE,SUB-MAKER-SPACE-OCCUPANT-EXP-OCCUPANT-COMFORT,ALL,Are there exterior windows?,,YesNo,SingleResponse,12,400,True,True,Maker Space
MS-007,MS-007,SRV-STUDIOS,Studios,Studios,SPT-MAKER-SPACE,CAT-MAKER-SPACE-OCCUPANT-EXPERIENCE,SUB-MAKER-SPACE-OCCUPANT-EXP-OCCUPANT-COMFORT,ALL,Select all that apply (Exterior Windows),,MultiSelect,MixedItemScoring,12,410,True,True,Maker Space
MS-008,MS-008,SRV-STUDIOS,Studios,Studios,SPT-MAKER-SPACE,CAT-MAKER-SPACE-OCCUPANT-EXPERIENCE,SUB-MAKER-SPACE-OCCUPANT-EXP-OCCUPANT-COMFORT,ALL,What window coverings are provided on exterior windows?,,SingleSelect,SingleResponse,12,420,True,True,Maker Space
MS-009,MS-009,SRV-STUDIOS,Studios,Studios,SPT-MAKER-SPACE,CAT-MAKER-SPACE-AMENITIES,SUB-MAKER-SPACE-AMENITIES-DISPLAY-AND-PRESENTATI,ES,"How much writable surface (e.g., markerboard) is provided, excluding glass? Include both fixed and mobile writable surfaces.",,SingleSelect,SingleResponse,9,430,True,True,Maker Space
MS-010,MS-010,SRV-STUDIOS,Studios,Studios,SPT-MAKER-SPACE,CAT-MAKER-SPACE-AMENITIES,SUB-MAKER-SPACE-AMENITIES-DISPLAY-AND-PRESENTATI,MS+HS,"How much writable surface (e.g., markerboard) is provided, excluding glass? Include both fixed and mobile writable surfaces.",,SingleSelect,SingleResponse,9,440,True,True,Maker Space
MS-011,MS-011,SRV-STUDIOS,Studios,Studios,SPT-MAKER-SPACE,CAT-MAKER-SPACE-AMENITIES,SUB-MAKER-SPACE-AMENITIES-DISPLAY-AND-PRESENTATI,ALL,Which built-in systems for displaying student work are provided?,,MultiSelect,Inventory,,450,True,True,Maker Space
MS-012,MS-012,SRV-STUDIOS,Studios,Studios,SPT-MAKER-SPACE,CAT-MAKER-SPACE-AMENITIES,SUB-MAKER-SPACE-AMENITIES-DISPLAY-AND-PRESENTATI,ALL,How much tackboard/tackwall/tackstrip is provided? Include both fixed and mobile surfaces.,,SingleSelect,SingleResponse,9,460,True,True,Maker Space
MS-013,MS-013,SRV-STUDIOS,Studios,Studios,SPT-MAKER-SPACE,CAT-MAKER-SPACE-AMENITIES,SUB-MAKER-SPACE-AMENITIES-STORAGE,ALL,How much casework is provided in the space?,,SingleSelect,SingleResponse,9,470,True,True,Maker Space
MS-014,MS-014,SRV-STUDIOS,Studios,Studios,SPT-MAKER-SPACE,CAT-MAKER-SPACE-AMENITIES,SUB-MAKER-SPACE-AMENITIES-STORAGE,ES,How much countertop is provided in the space?,,SingleSelect,SingleResponse,9,480,True,True,Maker Space
MS-015,MS-015,SRV-STUDIOS,Studios,Studios,SPT-MAKER-SPACE,CAT-MAKER-SPACE-AMENITIES,SUB-MAKER-SPACE-AMENITIES-STORAGE,MS+HS,How much countertop is provided in the space?,,SingleSelect,SingleResponse,9,490,True,True,Maker Space
MS-016,MS-016,SRV-STUDIOS,Studios,Studios,SPT-MAKER-SPACE,CAT-MAKER-SPACE-AMENITIES,SUB-MAKER-SPACE-AMENITIES-STORAGE,ALL,Select all that apply (Storage),,MultiSelect,MixedItemScoring,9,500,True,True,Maker Space
MS-017,MS-017,SRV-STUDIOS,Studios,Studios,SPT-MAKER-SPACE,CAT-MAKER-SPACE-AMENITIES,SUB-MAKER-SPACE-AMENITIES-STORAGE,ALL,How sufficient does the storage appear for the space's program needs?,,SingleSelect,SingleResponse,12,510,True,True,Maker Space
MS-018,MS-018,SRV-STUDIOS,Studios,Studios,SPT-MAKER-SPACE,CAT-MAKER-SPACE-INFRASTRUCTURE,SUB-MAKER-SPACE-INFRASTRUCTU-UTILITIES-AND-TECHNOLO,ALL,"How many general-use outlets are provided? (Count each wall plate as one, regardless of the number of plugs.)",,SingleSelect,SingleResponse,12,520,True,True,Maker Space
MS-019,MS-019,SRV-STUDIOS,Studios,Studios,SPT-MAKER-SPACE,CAT-MAKER-SPACE-INFRASTRUCTURE,SUB-MAKER-SPACE-INFRASTRUCTU-UTILITIES-AND-TECHNOLO,ALL,How many walls in the space have general-use outlets?,,SingleSelect,SingleResponse,12,530,True,True,Maker Space
MS-020,MS-020,SRV-STUDIOS,Studios,Studios,SPT-MAKER-SPACE,CAT-MAKER-SPACE-INFRASTRUCTURE,SUB-MAKER-SPACE-INFRASTRUCTU-UTILITIES-AND-TECHNOLO,ALL,How many walls in the space have data outlets?,,SingleSelect,SingleResponse,12,540,True,True,Maker Space
MS-021,MS-021,SRV-STUDIOS,Studios,Studios,SPT-MAKER-SPACE,CAT-MAKER-SPACE-OCCUPANT-EXPERIENCE,SUB-MAKER-SPACE-OCCUPANT-EXP-OCCUPANT-COMFORT,ALL,Select one (Temperature Control),,SingleSelect,SingleResponse,12,550,True,True,Maker Space
MS-022,MS-022,SRV-STUDIOS,Studios,Studios,SPT-MAKER-SPACE,CAT-MAKER-SPACE-OCCUPANT-EXPERIENCE,SUB-MAKER-SPACE-OCCUPANT-EXP-SAFETY-AND-SUPERVISION,ALL,"Is visibility provided into the space from adjacent interior spaces (i.e., glass exists, even if currently covered)?",,YesNo,SingleResponse,12,560,True,True,Maker Space
MS-023,MS-023,SRV-STUDIOS,Studios,Studios,SPT-MAKER-SPACE,CAT-MAKER-SPACE-OCCUPANT-EXPERIENCE,SUB-MAKER-SPACE-OCCUPANT-EXP-SAFETY-AND-SUPERVISION,ALL,What type of visibility is provided into the space from adjacent interior spaces?,,MultiSelect,Inventory,,570,True,True,Maker Space
MS-024,MS-024,SRV-STUDIOS,Studios,Studios,SPT-MAKER-SPACE,CAT-MAKER-SPACE-OCCUPANT-EXPERIENCE,SUB-MAKER-SPACE-OCCUPANT-EXP-SAFETY-AND-SUPERVISION,ALL,Select all that apply (Safety),,MultiSelect,MixedItemScoring,12,580,True,True,Maker Space
MS-025,MS-025,SRV-STUDIOS,Studios,Studios,SPT-MAKER-SPACE,CAT-MAKER-SPACE-AMENITIES,SUB-MAKER-SPACE-AMENITIES-FURNITURE-AND-EQUIPMEN,ALL,Select all that apply (Furniture),,MultiSelect,Inventory,,590,True,True,Maker Space
MS-026,MS-026,SRV-STUDIOS,Studios,Studios,SPT-MAKER-SPACE,CAT-MAKER-SPACE-AMENITIES,SUB-MAKER-SPACE-AMENITIES-FURNITURE-AND-EQUIPMEN,ALL,How easily can the furniture be rearranged?,,SingleSelect,SingleResponse,12,600,True,True,Maker Space
MS-027,MS-027,SRV-STUDIOS,Studios,Studios,SPT-MAKER-SPACE,CAT-MAKER-SPACE-AMENITIES,SUB-MAKER-SPACE-AMENITIES-FURNITURE-AND-EQUIPMEN,ALL,What is the condition of the furniture?,,SingleSelect,SingleResponse,12,610,True,True,Maker Space
MS-028,MS-028,SRV-STUDIOS,Studios,Studios,SPT-MAKER-SPACE,CAT-MAKER-SPACE-INFRASTRUCTURE,SUB-MAKER-SPACE-INFRASTRUCTU-FLOORING-AND-SURFACE-F,ALL,What type of flooring is in the space?,,SingleSelect,Inventory,,620,True,True,Maker Space
MS-029,MS-029,SRV-STUDIOS,Studios,Studios,SPT-MAKER-SPACE,CAT-MAKER-SPACE-FUNCTION,SUB-MAKER-SPACE-FUNCTION-ADJACENCY-AND-ACCESS,ALL,What access does the space have to a collaboration space?,,SingleSelect,SingleResponse,12,630,True,True,Maker Space
MS-030,MS-030,SRV-STUDIOS,Studios,Studios,SPT-MAKER-SPACE,CAT-MAKER-SPACE-FUNCTION,SUB-MAKER-SPACE-FUNCTION-ADJACENCY-AND-ACCESS,ES,What access does the space have to the exterior?,,SingleSelect,SingleResponse,12,640,True,True,Maker Space
MS-031,MS-031,SRV-STUDIOS,Studios,Studios,SPT-MAKER-SPACE,CAT-MAKER-SPACE-FUNCTION,SUB-MAKER-SPACE-FUNCTION-ADJACENCY-AND-ACCESS,MS+HS,What access does the space have to the exterior?,,SingleSelect,SingleResponse,12,650,True,True,Maker Space
MS-032,MS-032,SRV-STUDIOS,Studios,Studios,SPT-MAKER-SPACE,CAT-MAKER-SPACE-INFRASTRUCTURE,SUB-MAKER-SPACE-INFRASTRUCTU-UTILITIES-AND-TECHNOLO,ALL,Select all that apply (General Inventory),,MultiSelect,Inventory,,660,True,True,Maker Space
MS-033,MS-033,SRV-STUDIOS,Studios,Studios,SPT-MAKER-SPACE,CAT-MAKER-SPACE-INFRASTRUCTURE,SUB-MAKER-SPACE-INFRASTRUCTU-UTILITIES-AND-TECHNOLO,ALL,Select all that apply (Plumbing Fixtures),,MultiSelect,MixedItemScoring,12,670,True,True,Maker Space
MS-034,MS-034,SRV-STUDIOS,Studios,Studios,SPT-MAKER-SPACE,CAT-MAKER-SPACE-FUNCTION,SUB-MAKER-SPACE-FUNCTION-ADJACENCY-AND-ACCESS,ALL,What access does the space have to the exterior?,,SingleSelect,SingleResponse,12,680,True,True,Maker Space
OD-001,OD-001,SRV-OUTDOOR,Outdoor,Outdoor,SPT-OUTDOOR-SPACES,CAT-OUTDOOR-SPACES-AMENITIES,SUB-OUTDOOR-SPAC-AMENITIES-FURNITURE-AND-EQUIPMEN,ES,Select all that are present (essential soft play features),,MultiSelect,MixedItemScoring,9,690,True,True,Outdoor Spaces
OD-002,OD-002,SRV-OUTDOOR,Outdoor,Outdoor,SPT-OUTDOOR-SPACES,CAT-OUTDOOR-SPACES-AMENITIES,SUB-OUTDOOR-SPAC-AMENITIES-FURNITURE-AND-EQUIPMEN,MS,Select all that apply (essential soft play features),,MultiSelect,MixedItemScoring,9,700,True,True,Outdoor Spaces
OD-003,OD-003,SRV-OUTDOOR,Outdoor,Outdoor,SPT-OUTDOOR-SPACES,CAT-OUTDOOR-SPACES-AMENITIES,SUB-OUTDOOR-SPAC-AMENITIES-FURNITURE-AND-EQUIPMEN,ES,Select all that are present (additional soft play features),,MultiSelect,MixedItemScoring,3,710,True,True,Outdoor Spaces
OD-004,OD-004,SRV-OUTDOOR,Outdoor,Outdoor,SPT-OUTDOOR-SPACES,CAT-OUTDOOR-SPACES-AMENITIES,SUB-OUTDOOR-SPAC-AMENITIES-FURNITURE-AND-EQUIPMEN,ES,Select all that apply (proximity to appropriate learning neighborhood),Supports proximity to associated learning neighborhood,MultiSelect,MixedItemScoring,9,720,True,True,Outdoor Spaces
OD-005,OD-005,SRV-OUTDOOR,Outdoor,Outdoor,SPT-OUTDOOR-SPACES,CAT-OUTDOOR-SPACES-OCCUPANT-EXPERIENCE,SUB-OUTDOOR-SPAC-OCCUPANT-EXP-SAFETY-AND-SUPERVISION,ES,Which playgrounds are enclosed by fencing?,Supports playground safety and containment,MultiSelect,MixedItemScoring,12,730,True,True,Outdoor Spaces
OD-006,OD-006,SRV-OUTDOOR,Outdoor,Outdoor,SPT-OUTDOOR-SPACES,CAT-OUTDOOR-SPACES-OCCUPANT-EXPERIENCE,SUB-OUTDOOR-SPAC-OCCUPANT-EXP-SAFETY-AND-SUPERVISION,ES,Which playground fall zones have soft surfacing?,,MultiSelect,MixedItemScoring,12,740,True,True,Outdoor Spaces
OD-007,OD-007,SRV-OUTDOOR,Outdoor,Outdoor,SPT-OUTDOOR-SPACES,CAT-OUTDOOR-SPACES-AMENITIES,SUB-OUTDOOR-SPAC-AMENITIES-FURNITURE-AND-EQUIPMEN,ES,Select all that are present (early childhood playground equipment features),,MultiSelect,Inventory,,750,True,True,Outdoor Spaces
OD-008,OD-008,SRV-OUTDOOR,Outdoor,Outdoor,SPT-OUTDOOR-SPACES,CAT-OUTDOOR-SPACES-AMENITIES,SUB-OUTDOOR-SPAC-AMENITIES-FURNITURE-AND-EQUIPMEN,ES,Select all that are present (elementary playground equipment features),,MultiSelect,Inventory,,760,True,True,Outdoor Spaces
OD-009,OD-009,SRV-OUTDOOR,Outdoor,Outdoor,SPT-OUTDOOR-SPACES,CAT-OUTDOOR-SPACES-AMENITIES,SUB-OUTDOOR-SPAC-AMENITIES-FURNITURE-AND-EQUIPMEN,ES,Select all that are present (nature-based play features),,MultiSelect,MixedItemScoring,9,770,True,True,Outdoor Spaces
OD-010,OD-010,SRV-OUTDOOR,Outdoor,Outdoor,SPT-OUTDOOR-SPACES,CAT-OUTDOOR-SPACES-AMENITIES,SUB-OUTDOOR-SPAC-AMENITIES-FURNITURE-AND-EQUIPMEN,"ES, MS",Select all that are present (essential hard play features),,MultiSelect,MixedItemScoring,9,780,True,True,Outdoor Spaces
OD-011,OD-011,SRV-OUTDOOR,Outdoor,Outdoor,SPT-OUTDOOR-SPACES,CAT-OUTDOOR-SPACES-AMENITIES,SUB-OUTDOOR-SPAC-AMENITIES-FURNITURE-AND-EQUIPMEN,ES,Select all that are present (additional hard play features),,MultiSelect,Inventory,,790,True,True,Outdoor Spaces
OD-012,OD-012,SRV-OUTDOOR,Outdoor,Outdoor,SPT-OUTDOOR-SPACES,CAT-OUTDOOR-SPACES-FUNCTION,SUB-OUTDOOR-SPAC-FUNCTION-AVAILABILITY,ALL,Is there a play field?,"A flat, open area for free play and sports (e.g., soccer, kickball)",YesNo,SingleResponse,12,800,True,True,Outdoor Spaces
OD-013,OD-013,SRV-OUTDOOR,Outdoor,Outdoor,SPT-OUTDOOR-SPACES,CAT-OUTDOOR-SPACES-AMENITIES,SUB-OUTDOOR-SPAC-AMENITIES-FURNITURE-AND-EQUIPMEN,ALL,Select all that are present (play field features),Only one surface type (grass or turf) is needed to earn the point,MultiSelect,MixedItemScoring,9,810,True,True,Outdoor Spaces
OD-014,OD-014,SRV-OUTDOOR,Outdoor,Outdoor,SPT-OUTDOOR-SPACES,CAT-OUTDOOR-SPACES-OCCUPANT-EXPERIENCE,SUB-OUTDOOR-SPAC-OCCUPANT-EXP-OCCUPANT-COMFORT,ES,Which play areas have shade structures or shaded areas on or near them?,,MultiSelect,MixedItemScoring,12,820,True,True,Outdoor Spaces
OD-015,OD-015,SRV-OUTDOOR,Outdoor,Outdoor,SPT-OUTDOOR-SPACES,CAT-OUTDOOR-SPACES-OCCUPANT-EXPERIENCE,SUB-OUTDOOR-SPAC-OCCUPANT-EXP-OCCUPANT-COMFORT,MS,Does the hard play area have shade structures or shaded areas on or near it?,,YesNo,SingleResponse,12,830,True,True,Outdoor Spaces
OD-016,OD-016,SRV-OUTDOOR,Outdoor,Outdoor,SPT-OUTDOOR-SPACES,CAT-OUTDOOR-SPACES-FUNCTION,SUB-OUTDOOR-SPAC-FUNCTION-ADJACENCY-AND-ACCESS,ALL,Are the play areas easily accessible for after-hours community use?,Supports community use outside school hours,YesNo,SingleResponse,12,840,True,True,Outdoor Spaces
OD-017,OD-017,SRV-OUTDOOR,Outdoor,Outdoor,SPT-OUTDOOR-SPACES,CAT-OUTDOOR-SPACES-OCCUPANT-EXPERIENCE,SUB-OUTDOOR-SPAC-OCCUPANT-EXP-SAFETY-AND-SUPERVISION,ES,Which areas have site lighting to allow for safe evening use?,Supports evening and after-hours safety,MultiSelect,MixedItemScoring,12,850,True,True,Outdoor Spaces
OD-018,OD-018,SRV-OUTDOOR,Outdoor,Outdoor,SPT-OUTDOOR-SPACES,CAT-OUTDOOR-SPACES-OCCUPANT-EXPERIENCE,SUB-OUTDOOR-SPAC-OCCUPANT-EXP-SAFETY-AND-SUPERVISION,MS,Which areas have site lighting to allow for safe evening use?,Supports evening and after-hours safety,MultiSelect,MixedItemScoring,12,860,True,True,Outdoor Spaces
OD-019,OD-019,SRV-OUTDOOR,Outdoor,Outdoor,SPT-OUTDOOR-SPACES,CAT-OUTDOOR-SPACES-OCCUPANT-EXPERIENCE,SUB-OUTDOOR-SPAC-OCCUPANT-EXP-SAFETY-AND-SUPERVISION,HS,Does the play field have site lighting to allow for safe evening use?,Supports evening and after-hours safety,YesNo,SingleResponse,12,870,True,True,Outdoor Spaces
OD-020,OD-020,SRV-OUTDOOR,Outdoor,Outdoor,SPT-OUTDOOR-SPACES,CAT-OUTDOOR-SPACES-FUNCTION,SUB-OUTDOOR-SPAC-FUNCTION-ADJACENCY-AND-ACCESS,"ES, MS",How close are the play areas to the gym?,Supports easy access and supervision,SingleSelect,SingleResponse,12,880,True,True,Outdoor Spaces
OD-021,OD-021,SRV-OUTDOOR,Outdoor,Outdoor,SPT-OUTDOOR-SPACES,CAT-OUTDOOR-SPACES-FUNCTION,SUB-OUTDOOR-SPAC-FUNCTION-AVAILABILITY,ALL,Select all that are present (outdoor learning spaces),,MultiSelect,MixedItemScoring,12,890,True,True,Outdoor Spaces
OD-022,OD-022,SRV-OUTDOOR,Outdoor,Outdoor,SPT-OUTDOOR-SPACES,CAT-OUTDOOR-SPACES-AMENITIES,SUB-OUTDOOR-SPAC-AMENITIES-FURNITURE-AND-EQUIPMEN,ALL,Select all that are present (essential outdoor studio features),,MultiSelect,MixedItemScoring,9,900,True,True,Outdoor Spaces
OD-023,OD-023,SRV-OUTDOOR,Outdoor,Outdoor,SPT-OUTDOOR-SPACES,CAT-OUTDOOR-SPACES-AMENITIES,SUB-OUTDOOR-SPAC-AMENITIES-FURNITURE-AND-EQUIPMEN,ALL,Select all that apply (additional outdoor studio features),,MultiSelect,MixedItemScoring,3,910,True,True,Outdoor Spaces
OD-024,OD-024,SRV-OUTDOOR,Outdoor,Outdoor,SPT-OUTDOOR-SPACES,CAT-OUTDOOR-SPACES-INFRASTRUCTURE,SUB-OUTDOOR-SPAC-INFRASTRUCTU-UTILITIES-AND-TECHNOLO,ALL,Select all that are present (outdoor studio technology),Supports technology-enabled outdoor learning,MultiSelect,MixedItemScoring,12,920,True,True,Outdoor Spaces
OD-025,OD-025,SRV-OUTDOOR,Outdoor,Outdoor,SPT-OUTDOOR-SPACES,CAT-OUTDOOR-SPACES-AMENITIES,SUB-OUTDOOR-SPAC-AMENITIES-FURNITURE-AND-EQUIPMEN,ALL,Select all that are present (essential produce garden features),,MultiSelect,Inventory,,930,True,True,Outdoor Spaces
OD-026,OD-026,SRV-OUTDOOR,Outdoor,Outdoor,SPT-OUTDOOR-SPACES,CAT-OUTDOOR-SPACES-AMENITIES,SUB-OUTDOOR-SPAC-AMENITIES-FURNITURE-AND-EQUIPMEN,ALL,Select all that are present (additional produce garden features),,MultiSelect,MixedItemScoring,3,940,True,True,Outdoor Spaces
OD-027,OD-027,SRV-OUTDOOR,Outdoor,Outdoor,SPT-OUTDOOR-SPACES,CAT-OUTDOOR-SPACES-AMENITIES,SUB-OUTDOOR-SPAC-AMENITIES-FURNITURE-AND-EQUIPMEN,ALL,Select all that are present (essential habitat garden features),,MultiSelect,MixedItemScoring,9,950,True,True,Outdoor Spaces
OD-028,OD-028,SRV-OUTDOOR,Outdoor,Outdoor,SPT-OUTDOOR-SPACES,CAT-OUTDOOR-SPACES-AMENITIES,SUB-OUTDOOR-SPAC-AMENITIES-FURNITURE-AND-EQUIPMEN,ALL,Select all that are present (additional habitat garden features),,MultiSelect,MixedItemScoring,3,960,True,True,Outdoor Spaces
OD-029,OD-029,SRV-OUTDOOR,Outdoor,Outdoor,SPT-OUTDOOR-SPACES,CAT-OUTDOOR-SPACES-AMENITIES,SUB-OUTDOOR-SPAC-AMENITIES-FURNITURE-AND-EQUIPMEN,ALL,Select all that are present (essential domestic animal habitat features),,MultiSelect,MixedItemScoring,9,970,True,True,Outdoor Spaces
OD-030,OD-030,SRV-OUTDOOR,Outdoor,Outdoor,SPT-OUTDOOR-SPACES,CAT-OUTDOOR-SPACES-AMENITIES,SUB-OUTDOOR-SPAC-AMENITIES-FURNITURE-AND-EQUIPMEN,ALL,Select all that are present (additional domestic animal habitat features),,MultiSelect,MixedItemScoring,3,980,True,True,Outdoor Spaces
OD-031,OD-031,SRV-OUTDOOR,Outdoor,Outdoor,SPT-OUTDOOR-SPACES,CAT-OUTDOOR-SPACES-FUNCTION,SUB-OUTDOOR-SPAC-FUNCTION-ADJACENCY-AND-ACCESS,ALL,"Is the habitat located in a relatively low-traffic area of the campus (i.e., adequate separation from student egress points, playground areas, produce gardens, etc.)?",Supports reduced pest exposure and appropriate site separation,YesNo,SingleResponse,12,990,True,True,Outdoor Spaces
OD-032,OD-032,SRV-OUTDOOR,Outdoor,Outdoor,SPT-OUTDOOR-SPACES,CAT-OUTDOOR-SPACES-AMENITIES,SUB-OUTDOOR-SPAC-AMENITIES-FURNITURE-AND-EQUIPMEN,ALL,Select all that are present (essential nature trail features),,MultiSelect,MixedItemScoring,9,1000,True,True,Outdoor Spaces
OD-033,OD-033,SRV-OUTDOOR,Outdoor,Outdoor,SPT-OUTDOOR-SPACES,CAT-OUTDOOR-SPACES-AMENITIES,SUB-OUTDOOR-SPAC-AMENITIES-FURNITURE-AND-EQUIPMEN,ALL,Select all that are present (additional nature trail features),,MultiSelect,MixedItemScoring,3,1010,True,True,Outdoor Spaces
OD-034,OD-034,SRV-OUTDOOR,Outdoor,Outdoor,SPT-OUTDOOR-SPACES,CAT-OUTDOOR-SPACES-INFRASTRUCTURE,SUB-OUTDOOR-SPAC-INFRASTRUCTU-UTILITIES-AND-TECHNOLO,ALL,Select all that are present (essential green stormwater features),,MultiSelect,MixedItemScoring,9,1020,True,True,Outdoor Spaces
OD-035,OD-035,SRV-OUTDOOR,Outdoor,Outdoor,SPT-OUTDOOR-SPACES,CAT-OUTDOOR-SPACES-INFRASTRUCTURE,SUB-OUTDOOR-SPAC-INFRASTRUCTU-UTILITIES-AND-TECHNOLO,ALL,Select all that are present (additional green stormwater features),,MultiSelect,MixedItemScoring,3,1030,True,True,Outdoor Spaces
OD-036,OD-036,SRV-OUTDOOR,Outdoor,Outdoor,SPT-OUTDOOR-SPACES,CAT-OUTDOOR-SPACES-OCCUPANT-EXPERIENCE,SUB-OUTDOOR-SPAC-OCCUPANT-EXP-SAFETY-AND-SUPERVISION,ES,Are there clear sightlines from routinely occupied or supervised areas to the following outdoor spaces?,Supports passive supervision across outdoor spaces,MultiSelect,MixedItemScoring,12,1040,True,True,Outdoor Spaces
OD-037,OD-037,SRV-OUTDOOR,Outdoor,Outdoor,SPT-OUTDOOR-SPACES,CAT-OUTDOOR-SPACES-OCCUPANT-EXPERIENCE,SUB-OUTDOOR-SPAC-OCCUPANT-EXP-SAFETY-AND-SUPERVISION,MS,Are there clear sightlines from routinely occupied or supervised areas to the following outdoor spaces?,Supports passive supervision across outdoor spaces,MultiSelect,MixedItemScoring,12,1050,True,True,Outdoor Spaces
OD-038,OD-038,SRV-OUTDOOR,Outdoor,Outdoor,SPT-OUTDOOR-SPACES,CAT-OUTDOOR-SPACES-AMENITIES,SUB-OUTDOOR-SPAC-AMENITIES-STORAGE,ALL,How sufficient is the outdoor storage for play equipment and materials?,,SingleSelect,SingleResponse,12,1060,True,True,Outdoor Spaces
AD-001,AD-001,SRV-ARRIVAL-ADMINISTRATION,Arrival/Administration,Arrival/Administration,SPT-ADMIN-OFFICES,CAT-ADMIN-OFFICES-FUNCTION,SUB-ADMIN-OFFICE-FUNCTION-LAYOUT-AND-FLEXIBILITY,ALL,"Does the office layout support individual work and one-on-one meetings (i.e., space for a desk plus at least one guest seat)?",,YesNo,SingleResponse,12,1070,True,True,Admin Offices
AD-002,AD-002,SRV-ARRIVAL-ADMINISTRATION,Arrival/Administration,Arrival/Administration,SPT-ADMIN-OFFICES,CAT-ADMIN-OFFICES-INFRASTRUCTURE,SUB-ADMIN-OFFICE-INFRASTRUCTU-UTILITIES-AND-TECHNOLO,ALL,Select all that apply (Lighting),,MultiSelect,MixedItemScoring,12,1080,True,True,Admin Offices
AD-003,AD-003,SRV-ARRIVAL-ADMINISTRATION,Arrival/Administration,Arrival/Administration,SPT-ADMIN-OFFICES,CAT-ADMIN-OFFICES-OCCUPANT-EXPERIENCE,SUB-ADMIN-OFFICE-OCCUPANT-EXP-AESTHETICS,ALL,Which of the following describe the color scheme in the space?,,SingleSelect,SingleResponse,6,1090,True,True,Admin Offices
AD-004,AD-004,SRV-ARRIVAL-ADMINISTRATION,Arrival/Administration,Arrival/Administration,SPT-ADMIN-OFFICES,CAT-ADMIN-OFFICES-OCCUPANT-EXPERIENCE,SUB-ADMIN-OFFICE-OCCUPANT-EXP-OCCUPANT-COMFORT,ALL,Are there exterior windows?,,YesNo,SingleResponse,12,1100,True,True,Admin Offices
AD-005,AD-005,SRV-ARRIVAL-ADMINISTRATION,Arrival/Administration,Arrival/Administration,SPT-ADMIN-OFFICES,CAT-ADMIN-OFFICES-OCCUPANT-EXPERIENCE,SUB-ADMIN-OFFICE-OCCUPANT-EXP-OCCUPANT-COMFORT,ALL,Select all that apply (Exterior Windows),,MultiSelect,MixedItemScoring,12,1110,True,True,Admin Offices
AD-006,AD-006,SRV-ARRIVAL-ADMINISTRATION,Arrival/Administration,Arrival/Administration,SPT-ADMIN-OFFICES,CAT-ADMIN-OFFICES-OCCUPANT-EXPERIENCE,SUB-ADMIN-OFFICE-OCCUPANT-EXP-OCCUPANT-COMFORT,ALL,What window coverings are provided on exterior windows?,,SingleSelect,SingleResponse,12,1120,True,True,Admin Offices
AD-007,AD-007,SRV-ARRIVAL-ADMINISTRATION,Arrival/Administration,Arrival/Administration,SPT-ADMIN-OFFICES,CAT-ADMIN-OFFICES-INFRASTRUCTURE,SUB-ADMIN-OFFICE-INFRASTRUCTU-UTILITIES-AND-TECHNOLO,ALL,"How many general-use outlets are provided? (Count each wall plate as one, regardless of the number of plugs.)",,SingleSelect,Inventory,,1130,True,True,Admin Offices
AD-008,AD-008,SRV-ARRIVAL-ADMINISTRATION,Arrival/Administration,Arrival/Administration,SPT-ADMIN-OFFICES,CAT-ADMIN-OFFICES-INFRASTRUCTURE,SUB-ADMIN-OFFICE-INFRASTRUCTU-UTILITIES-AND-TECHNOLO,ALL,How many walls in the space have general-use outlets?,,SingleSelect,SingleResponse,12,1140,True,True,Admin Offices
AD-009,AD-009,SRV-ARRIVAL-ADMINISTRATION,Arrival/Administration,Arrival/Administration,SPT-ADMIN-OFFICES,CAT-ADMIN-OFFICES-INFRASTRUCTURE,SUB-ADMIN-OFFICE-INFRASTRUCTU-UTILITIES-AND-TECHNOLO,ALL,How many walls in the space have data outlets?,,SingleSelect,SingleResponse,12,1150,True,True,Admin Offices
AD-010,AD-010,SRV-ARRIVAL-ADMINISTRATION,Arrival/Administration,Arrival/Administration,SPT-ADMIN-OFFICES,CAT-ADMIN-OFFICES-OCCUPANT-EXPERIENCE,SUB-ADMIN-OFFICE-OCCUPANT-EXP-OCCUPANT-COMFORT,ALL,Select one (Temperature Control),,SingleSelect,SingleResponse,12,1160,True,True,Admin Offices
AD-011,AD-011,SRV-ARRIVAL-ADMINISTRATION,Arrival/Administration,Arrival/Administration,SPT-ADMIN-OFFICES,CAT-ADMIN-OFFICES-OCCUPANT-EXPERIENCE,SUB-ADMIN-OFFICE-OCCUPANT-EXP-SAFETY-AND-SUPERVISION,ALL,"Is visibility provided into the space from adjacent interior spaces (i.e., glass exists, even if currently covered)?",,YesNo,SingleResponse,12,1170,True,True,Admin Offices
AD-012,AD-012,SRV-ARRIVAL-ADMINISTRATION,Arrival/Administration,Arrival/Administration,SPT-ADMIN-OFFICES,CAT-ADMIN-OFFICES-OCCUPANT-EXPERIENCE,SUB-ADMIN-OFFICE-OCCUPANT-EXP-SAFETY-AND-SUPERVISION,ALL,What type of visibility is provided into the space from adjacent interior spaces?,,MultiSelect,Inventory,,1180,True,True,Admin Offices
AD-013,AD-013,SRV-ARRIVAL-ADMINISTRATION,Arrival/Administration,Arrival/Administration,SPT-ADMIN-OFFICES,CAT-ADMIN-OFFICES-OCCUPANT-EXPERIENCE,SUB-ADMIN-OFFICE-OCCUPANT-EXP-SAFETY-AND-SUPERVISION,ALL,Select all that apply (Safety),,MultiSelect,MixedItemScoring,12,1190,True,True,Admin Offices
AD-014,AD-014,SRV-ARRIVAL-ADMINISTRATION,Arrival/Administration,Arrival/Administration,SPT-ADMIN-OFFICES,CAT-ADMIN-OFFICES-AMENITIES,SUB-ADMIN-OFFICE-AMENITIES-FURNITURE-AND-EQUIPMEN,ALL,Select all that apply (Furniture),,MultiSelect,Inventory,,1200,True,True,Admin Offices
AD-015,AD-015,SRV-ARRIVAL-ADMINISTRATION,Arrival/Administration,Arrival/Administration,SPT-ADMIN-OFFICES,CAT-ADMIN-OFFICES-AMENITIES,SUB-ADMIN-OFFICE-AMENITIES-FURNITURE-AND-EQUIPMEN,ALL,What is the condition of the furniture?,,SingleSelect,SingleResponse,12,1210,True,True,Admin Offices
AD-016,AD-016,SRV-ARRIVAL-ADMINISTRATION,Arrival/Administration,Arrival/Administration,SPT-ADMIN-OFFICES,CAT-ADMIN-OFFICES-INFRASTRUCTURE,SUB-ADMIN-OFFICE-INFRASTRUCTU-FLOORING-AND-SURFACE-F,ALL,What type of flooring is in the space?,,SingleSelect,Inventory,,1220,True,True,Admin Offices
AD-017,AD-017,SRV-ARRIVAL-ADMINISTRATION,Arrival/Administration,Arrival/Administration,SPT-ADMIN-OFFICES,CAT-ADMIN-OFFICES-AMENITIES,SUB-ADMIN-OFFICE-AMENITIES-FURNITURE-AND-EQUIPMEN,ALL,Select all that apply (General Inventory),,MultiSelect,Inventory,,1230,True,True,Admin Offices
AD-018,AD-018,SRV-ARRIVAL-ADMINISTRATION,Arrival/Administration,Arrival/Administration,SPT-ADMIN-OFFICES,CAT-ADMIN-OFFICES-FUNCTION,SUB-ADMIN-OFFICE-FUNCTION-ADJACENCY-AND-ACCESS,ALL,Select all that apply (proximity to collaboration space or group room),,MultiSelect,MixedItemScoring,12,1240,True,True,Admin Offices
AD-019,AD-019,SRV-ARRIVAL-ADMINISTRATION,Arrival/Administration,Arrival/Administration,SPT-ADMIN-OFFICES,CAT-ADMIN-OFFICES-OCCUPANT-EXPERIENCE,SUB-ADMIN-OFFICE-OCCUPANT-EXP-SAFETY-AND-SUPERVISION,ALL,Select all that apply (visibility into collaboration space or group room),Supports passive supervision of shared learning spaces from the office,MultiSelect,MixedItemScoring,12,1250,True,True,Admin Offices
CP-001,CP-001,SRV-ARRIVAL-ADMINISTRATION,Arrival/Administration,Arrival/Administration,SPT-COMMUNITY-PARTNERS-SUITE,CAT-COMMUNITY-PARTNE-FUNCTION,SUB-COMMUNITY-PA-FUNCTION-AVAILABILITY,ALL,Is this space type present at the school?,,YesNo,SingleResponse,12,1260,True,True,Community Partners Suite
CP-002,CP-002,SRV-ARRIVAL-ADMINISTRATION,Arrival/Administration,Arrival/Administration,SPT-COMMUNITY-PARTNERS-SUITE,CAT-COMMUNITY-PARTNE-FUNCTION,SUB-COMMUNITY-PA-FUNCTION-ADJACENCY-AND-ACCESS,ALL,Select all that apply (access and security),"Supports controlled, independent access to the suite outside of core school hours",MultiSelect,MixedItemScoring,12,1270,True,True,Community Partners Suite
CP-003,CP-003,SRV-ARRIVAL-ADMINISTRATION,Arrival/Administration,Arrival/Administration,SPT-COMMUNITY-PARTNERS-SUITE,CAT-COMMUNITY-PARTNE-OCCUPANT-EXPERIENCE,SUB-COMMUNITY-PA-OCCUPANT-EXP-SAFETY-AND-SUPERVISION,ALL,What visual connection does the suite have with the main reception area?,Supports staff awareness of suite activity from the main reception desk,SingleSelect,SingleResponse,12,1280,True,True,Community Partners Suite
CP-004,CP-004,SRV-ARRIVAL-ADMINISTRATION,Arrival/Administration,Arrival/Administration,SPT-COMMUNITY-PARTNERS-SUITE,CAT-COMMUNITY-PARTNE-FUNCTION,SUB-COMMUNITY-PA-FUNCTION-AVAILABILITY,ES,Select all that are provided within the suite (spaces checklist),,MultiSelect,MixedItemScoring,12,1290,True,True,Community Partners Suite
CP-005,CP-005,SRV-ARRIVAL-ADMINISTRATION,Arrival/Administration,Arrival/Administration,SPT-COMMUNITY-PARTNERS-SUITE,CAT-COMMUNITY-PARTNE-FUNCTION,SUB-COMMUNITY-PA-FUNCTION-AVAILABILITY,MS+HS,Select all that are provided within the suite (spaces checklist),,MultiSelect,MixedItemScoring,12,1300,True,True,Community Partners Suite
CP-006,CP-006,SRV-ARRIVAL-ADMINISTRATION,Arrival/Administration,Arrival/Administration,SPT-COMMUNITY-PARTNERS-SUITE,CAT-COMMUNITY-PARTNE-FUNCTION,SUB-COMMUNITY-PA-FUNCTION-AVAILABILITY,MS+HS,How many group rooms are provided in the suite?,,SingleSelect,SingleResponse,12,1310,True,True,Community Partners Suite
CP-007,CP-007,SRV-ARRIVAL-ADMINISTRATION,Arrival/Administration,Arrival/Administration,SPT-COMMUNITY-PARTNERS-SUITE,CAT-COMMUNITY-PARTNE-AMENITIES,SUB-COMMUNITY-PA-AMENITIES-STORAGE,ALL,How many ensuite storage closets are provided in the suite?,"Support storage for community programs such as food pantries, clothing donations, and/or the campus PTA",SingleSelect,SingleResponse,9,1320,True,True,Community Partners Suite
CP-008,CP-008,SRV-ARRIVAL-ADMINISTRATION,Arrival/Administration,Arrival/Administration,SPT-COMMUNITY-PARTNERS-SUITE,CAT-COMMUNITY-PARTNE-OCCUPANT-EXPERIENCE,SUB-COMMUNITY-PA-OCCUPANT-EXP-OCCUPANT-COMFORT,ALL,Select all that apply (acoustic features in the community room),Supports privacy and reduces noise transfer between the community room and adjacent spaces,MultiSelect,Inventory,,1330,True,True,Community Partners Suite
CP-009,CP-009,SRV-ARRIVAL-ADMINISTRATION,Arrival/Administration,Arrival/Administration,SPT-COMMUNITY-PARTNERS-SUITE,CAT-COMMUNITY-PARTNE-OCCUPANT-EXPERIENCE,SUB-COMMUNITY-PA-OCCUPANT-EXP-OCCUPANT-COMFORT,ALL,Does the community room have exterior windows?,,YesNo,SingleResponse,12,1340,True,True,Community Partners Suite
CP-010,CP-010,SRV-ARRIVAL-ADMINISTRATION,Arrival/Administration,Arrival/Administration,SPT-COMMUNITY-PARTNERS-SUITE,CAT-COMMUNITY-PARTNE-OCCUPANT-EXPERIENCE,SUB-COMMUNITY-PA-OCCUPANT-EXP-OCCUPANT-COMFORT,ALL,Select all that apply (exterior windows in the community room),Supports wellbeing through connection to the outdoors,MultiSelect,MixedItemScoring,12,1350,True,True,Community Partners Suite
CP-011,CP-011,SRV-ARRIVAL-ADMINISTRATION,Arrival/Administration,Arrival/Administration,SPT-COMMUNITY-PARTNERS-SUITE,CAT-COMMUNITY-PARTNE-OCCUPANT-EXPERIENCE,SUB-COMMUNITY-PA-OCCUPANT-EXP-OCCUPANT-COMFORT,ALL,What temperature controls are provided within the suite?,,SingleSelect,SingleResponse,12,1360,True,True,Community Partners Suite
CP-012,CP-012,SRV-ARRIVAL-ADMINISTRATION,Arrival/Administration,Arrival/Administration,SPT-COMMUNITY-PARTNERS-SUITE,CAT-COMMUNITY-PARTNE-AMENITIES,SUB-COMMUNITY-PA-AMENITIES-FURNITURE-AND-EQUIPMEN,ALL,Select all that apply (furniture),,MultiSelect,MixedItemScoring,9,1370,True,True,Community Partners Suite
CP-013,CP-013,SRV-ARRIVAL-ADMINISTRATION,Arrival/Administration,Arrival/Administration,SPT-COMMUNITY-PARTNERS-SUITE,CAT-COMMUNITY-PARTNE-AMENITIES,SUB-COMMUNITY-PA-AMENITIES-FURNITURE-AND-EQUIPMEN,ALL,What is the condition of the furniture?,,SingleSelect,SingleResponse,12,1380,True,True,Community Partners Suite
CP-014,CP-014,SRV-ARRIVAL-ADMINISTRATION,Arrival/Administration,Arrival/Administration,SPT-COMMUNITY-PARTNERS-SUITE,CAT-COMMUNITY-PARTNE-INFRASTRUCTURE,SUB-COMMUNITY-PA-INFRASTRUCTU-FLOORING-AND-SURFACE-F,ALL,What type of flooring is in the space?,,SingleSelect,Inventory,,1390,True,True,Community Partners Suite
CP-015,CP-015,SRV-ARRIVAL-ADMINISTRATION,Arrival/Administration,Arrival/Administration,SPT-COMMUNITY-PARTNERS-SUITE,CAT-COMMUNITY-PARTNE-INFRASTRUCTURE,SUB-COMMUNITY-PA-INFRASTRUCTU-UTILITIES-AND-TECHNOLO,ALL,Select all that apply (general inventory),,MultiSelect,Inventory,,1400,True,True,Community Partners Suite
MW-001,MW-001,SRV-ARRIVAL-ADMINISTRATION,Arrival/Administration,Arrival/Administration,SPT-MENTAL-WELLNESS-AND-COUNSELING-S,CAT-MENTAL-WELLNESS--FUNCTION,SUB-MENTAL-WELLN-FUNCTION-AVAILABILITY,ALL,Is this space type present at the school?,,YesNo,SingleResponse,12,1410,True,True,MW and Counseling Suite
MW-002,MW-002,SRV-ARRIVAL-ADMINISTRATION,Arrival/Administration,Arrival/Administration,SPT-MENTAL-WELLNESS-AND-COUNSELING-S,CAT-MENTAL-WELLNESS--FUNCTION,SUB-MENTAL-WELLN-FUNCTION-ADJACENCY-AND-ACCESS,ALL,"Is the suite easily accessible to students from the main circulation areas of the building (i.e., not requiring travel through a separate wing or remote corridor)?",,YesNo,SingleResponse,12,1420,True,True,MW and Counseling Suite
MW-003,MW-003,SRV-ARRIVAL-ADMINISTRATION,Arrival/Administration,Arrival/Administration,SPT-MENTAL-WELLNESS-AND-COUNSELING-S,CAT-MENTAL-WELLNESS--FUNCTION,SUB-MENTAL-WELLN-FUNCTION-AVAILABILITY,ES,Select all that are provided within the suite (spaces checklist),,MultiSelect,MixedItemScoring,12,1430,True,True,MW and Counseling Suite
MW-004,MW-004,SRV-ARRIVAL-ADMINISTRATION,Arrival/Administration,Arrival/Administration,SPT-MENTAL-WELLNESS-AND-COUNSELING-S,CAT-MENTAL-WELLNESS--FUNCTION,SUB-MENTAL-WELLN-FUNCTION-AVAILABILITY,MS,Select all that are provided within the suite (spaces checklist),,MultiSelect,MixedItemScoring,12,1440,True,True,MW and Counseling Suite
MW-005,MW-005,SRV-ARRIVAL-ADMINISTRATION,Arrival/Administration,Arrival/Administration,SPT-MENTAL-WELLNESS-AND-COUNSELING-S,CAT-MENTAL-WELLNESS--FUNCTION,SUB-MENTAL-WELLN-FUNCTION-AVAILABILITY,HS,Select all that are provided within the suite (spaces checklist),,MultiSelect,MixedItemScoring,12,1450,True,True,MW and Counseling Suite
MW-006,MW-006,SRV-ARRIVAL-ADMINISTRATION,Arrival/Administration,Arrival/Administration,SPT-MENTAL-WELLNESS-AND-COUNSELING-S,CAT-MENTAL-WELLNESS--FUNCTION,SUB-MENTAL-WELLN-FUNCTION-AVAILABILITY,ES,How many Professional School Counselor offices are provided?,,SingleSelect,SingleResponse,12,1460,True,True,MW and Counseling Suite
MW-007,MW-007,SRV-ARRIVAL-ADMINISTRATION,Arrival/Administration,Arrival/Administration,SPT-MENTAL-WELLNESS-AND-COUNSELING-S,CAT-MENTAL-WELLNESS--FUNCTION,SUB-MENTAL-WELLN-FUNCTION-AVAILABILITY,MS+HS,How many Professional School Counselor offices are provided?,,SingleSelect,SingleResponse,12,1470,True,True,MW and Counseling Suite
MW-008,MW-008,SRV-ARRIVAL-ADMINISTRATION,Arrival/Administration,Arrival/Administration,SPT-MENTAL-WELLNESS-AND-COUNSELING-S,CAT-MENTAL-WELLNESS--OCCUPANT-EXPERIENCE,SUB-MENTAL-WELLN-OCCUPANT-EXP-CIRCULATION-AND-EGRESS,MS+HS,"Does the counseling center have a secondary door to a separate egress path (i.e., a second door to a corridor or exterior)?","Supports safe, direct evacuation from student-occupied counseling spaces",YesNo,SingleResponse,12,1480,True,True,MW and Counseling Suite
MW-009,MW-009,SRV-ARRIVAL-ADMINISTRATION,Arrival/Administration,Arrival/Administration,SPT-MENTAL-WELLNESS-AND-COUNSELING-S,CAT-MENTAL-WELLNESS--OCCUPANT-EXPERIENCE,SUB-MENTAL-WELLN-OCCUPANT-EXP-SAFETY-AND-SUPERVISION,ES,"Which spaces have user-controlled visual privacy on interior glass (e.g., roller shades or curtains)?",Supports the ability to control visual privacy between counselor offices and student-use spaces as needed,MultiSelect,MixedItemScoring,12,1490,True,True,MW and Counseling Suite
MW-010,MW-010,SRV-ARRIVAL-ADMINISTRATION,Arrival/Administration,Arrival/Administration,SPT-MENTAL-WELLNESS-AND-COUNSELING-S,CAT-MENTAL-WELLNESS--OCCUPANT-EXPERIENCE,SUB-MENTAL-WELLN-OCCUPANT-EXP-SAFETY-AND-SUPERVISION,MS+HS,"Which spaces have user-controlled visual privacy on interior glass (e.g., roller shades or curtains)?",Supports the ability to control visual privacy between counselor offices and student-use spaces as needed,MultiSelect,MixedItemScoring,12,1500,True,True,MW and Counseling Suite
MW-011,MW-011,SRV-ARRIVAL-ADMINISTRATION,Arrival/Administration,Arrival/Administration,SPT-MENTAL-WELLNESS-AND-COUNSELING-S,CAT-MENTAL-WELLNESS--OCCUPANT-EXPERIENCE,SUB-MENTAL-WELLN-OCCUPANT-EXP-OCCUPANT-COMFORT,ES,Which spaces within the suite have dimmable light fixtures?,Supports flexible lighting for varied counseling and wellness activities,MultiSelect,MixedItemScoring,12,1510,True,True,MW and Counseling Suite
MW-012,MW-012,SRV-ARRIVAL-ADMINISTRATION,Arrival/Administration,Arrival/Administration,SPT-MENTAL-WELLNESS-AND-COUNSELING-S,CAT-MENTAL-WELLNESS--OCCUPANT-EXPERIENCE,SUB-MENTAL-WELLN-OCCUPANT-EXP-OCCUPANT-COMFORT,MS,Which spaces within the suite have dimmable light fixtures?,Supports flexible lighting for varied counseling and wellness activities,MultiSelect,MixedItemScoring,12,1520,True,True,MW and Counseling Suite
MW-013,MW-013,SRV-ARRIVAL-ADMINISTRATION,Arrival/Administration,Arrival/Administration,SPT-MENTAL-WELLNESS-AND-COUNSELING-S,CAT-MENTAL-WELLNESS--OCCUPANT-EXPERIENCE,SUB-MENTAL-WELLN-OCCUPANT-EXP-OCCUPANT-COMFORT,HS,Which spaces within the suite have dimmable light fixtures?,Supports flexible lighting for varied counseling and wellness activities,MultiSelect,MixedItemScoring,12,1530,True,True,MW and Counseling Suite
MW-014,MW-014,SRV-ARRIVAL-ADMINISTRATION,Arrival/Administration,Arrival/Administration,SPT-MENTAL-WELLNESS-AND-COUNSELING-S,CAT-MENTAL-WELLNESS--AMENITIES,SUB-MENTAL-WELLN-AMENITIES-STORAGE,ALL,How is lockable storage provided for confidential files and personal items within the suite?,Supports confidentiality of student records and personal belongings,SingleSelect,SingleResponse,9,1540,True,True,MW and Counseling Suite
MW-015,MW-015,SRV-ARRIVAL-ADMINISTRATION,Arrival/Administration,Arrival/Administration,SPT-MENTAL-WELLNESS-AND-COUNSELING-S,CAT-MENTAL-WELLNESS--OCCUPANT-EXPERIENCE,SUB-MENTAL-WELLN-OCCUPANT-EXP-OCCUPANT-COMFORT,ALL,What temperature controls are provided within the suite?,,SingleSelect,SingleResponse,12,1550,True,True,MW and Counseling Suite
MW-016,MW-016,SRV-ARRIVAL-ADMINISTRATION,Arrival/Administration,Arrival/Administration,SPT-MENTAL-WELLNESS-AND-COUNSELING-S,CAT-MENTAL-WELLNESS--AMENITIES,SUB-MENTAL-WELLN-AMENITIES-FURNITURE-AND-EQUIPMEN,ALL,Select all that apply (furniture),,MultiSelect,MixedItemScoring,9,1560,True,True,MW and Counseling Suite
MW-017,MW-017,SRV-ARRIVAL-ADMINISTRATION,Arrival/Administration,Arrival/Administration,SPT-MENTAL-WELLNESS-AND-COUNSELING-S,CAT-MENTAL-WELLNESS--AMENITIES,SUB-MENTAL-WELLN-AMENITIES-FURNITURE-AND-EQUIPMEN,ALL,What is the condition of the furniture?,,SingleSelect,SingleResponse,12,1570,True,True,MW and Counseling Suite
MW-018,MW-018,SRV-ARRIVAL-ADMINISTRATION,Arrival/Administration,Arrival/Administration,SPT-MENTAL-WELLNESS-AND-COUNSELING-S,CAT-MENTAL-WELLNESS--INFRASTRUCTURE,SUB-MENTAL-WELLN-INFRASTRUCTU-FLOORING-AND-SURFACE-F,ALL,What type of flooring is in the space?,,SingleSelect,Inventory,,1580,True,True,MW and Counseling Suite
PL-001,PL-001,SRV-ARRIVAL-ADMINISTRATION,Arrival/Administration,Arrival/Administration,SPT-PROFESSIONAL-LEARNING-CENTER,CAT-PROFESSIONAL-LEA-FUNCTION,SUB-PROFESSIONAL-FUNCTION-LAYOUT-AND-FLEXIBILITY,ALL,Does the room shape allow for clear sightlines and flexible configuration for group work?,,YesNo,SingleResponse,12,1590,True,True,PLCs
PL-002,PL-002,SRV-ARRIVAL-ADMINISTRATION,Arrival/Administration,Arrival/Administration,SPT-PROFESSIONAL-LEARNING-CENTER,CAT-PROFESSIONAL-LEA-INFRASTRUCTURE,SUB-PROFESSIONAL-INFRASTRUCTU-UTILITIES-AND-TECHNOLO,ALL,Select all that apply (lighting),,MultiSelect,MixedItemScoring,12,1600,True,True,PLCs
PL-003,PL-003,SRV-ARRIVAL-ADMINISTRATION,Arrival/Administration,Arrival/Administration,SPT-PROFESSIONAL-LEARNING-CENTER,CAT-PROFESSIONAL-LEA-OCCUPANT-EXPERIENCE,SUB-PROFESSIONAL-OCCUPANT-EXP-AESTHETICS,ALL,Which of the following describe the color scheme in the space?,,SingleSelect,SingleResponse,6,1610,True,True,PLCs
PL-004,PL-004,SRV-ARRIVAL-ADMINISTRATION,Arrival/Administration,Arrival/Administration,SPT-PROFESSIONAL-LEARNING-CENTER,CAT-PROFESSIONAL-LEA-FUNCTION,SUB-PROFESSIONAL-FUNCTION-ADJACENCY-AND-ACCESS,ALL,Where is the small meeting room for phone calls and one-on-one meetings located relative to the PLC?,,SingleSelect,SingleResponse,12,1620,True,True,PLCs
PL-005,PL-005,SRV-ARRIVAL-ADMINISTRATION,Arrival/Administration,Arrival/Administration,SPT-PROFESSIONAL-LEARNING-CENTER,CAT-PROFESSIONAL-LEA-OCCUPANT-EXPERIENCE,SUB-PROFESSIONAL-OCCUPANT-EXP-OCCUPANT-COMFORT,ALL,Are there exterior windows?,,YesNo,SingleResponse,12,1630,True,True,PLCs
PL-006,PL-006,SRV-ARRIVAL-ADMINISTRATION,Arrival/Administration,Arrival/Administration,SPT-PROFESSIONAL-LEARNING-CENTER,CAT-PROFESSIONAL-LEA-OCCUPANT-EXPERIENCE,SUB-PROFESSIONAL-OCCUPANT-EXP-OCCUPANT-COMFORT,ALL,Select all that apply (exterior windows),Supports wellbeing through connection to the outdoors,MultiSelect,MixedItemScoring,12,1640,True,True,PLCs
PL-007,PL-007,SRV-ARRIVAL-ADMINISTRATION,Arrival/Administration,Arrival/Administration,SPT-PROFESSIONAL-LEARNING-CENTER,CAT-PROFESSIONAL-LEA-AMENITIES,SUB-PROFESSIONAL-AMENITIES-FURNITURE-AND-EQUIPMEN,ALL,How many workstations are provided for staff?,,SingleSelect,SingleResponse,9,1650,True,True,PLCs
PL-008,PL-008,SRV-ARRIVAL-ADMINISTRATION,Arrival/Administration,Arrival/Administration,SPT-PROFESSIONAL-LEARNING-CENTER,CAT-PROFESSIONAL-LEA-OCCUPANT-EXPERIENCE,SUB-PROFESSIONAL-OCCUPANT-EXP-OCCUPANT-COMFORT,ALL,What window coverings are provided on exterior windows?,,SingleSelect,SingleResponse,12,1660,True,True,PLCs
PL-009,PL-009,SRV-ARRIVAL-ADMINISTRATION,Arrival/Administration,Arrival/Administration,SPT-PROFESSIONAL-LEARNING-CENTER,CAT-PROFESSIONAL-LEA-AMENITIES,SUB-PROFESSIONAL-AMENITIES-STORAGE,ALL,Select all that apply (storage),,MultiSelect,Inventory,,1670,True,True,PLCs
PL-010,PL-010,SRV-ARRIVAL-ADMINISTRATION,Arrival/Administration,Arrival/Administration,SPT-PROFESSIONAL-LEARNING-CENTER,CAT-PROFESSIONAL-LEA-AMENITIES,SUB-PROFESSIONAL-AMENITIES-STORAGE,ALL,What lockable personal storage is provided for staff using the space?,,SingleSelect,SingleResponse,9,1680,True,True,PLCs
PL-011,PL-011,SRV-ARRIVAL-ADMINISTRATION,Arrival/Administration,Arrival/Administration,SPT-PROFESSIONAL-LEARNING-CENTER,CAT-PROFESSIONAL-LEA-AMENITIES,SUB-PROFESSIONAL-AMENITIES-STORAGE,ALL,How sufficient does the storage appear for the space's program needs?,,SingleSelect,SingleResponse,12,1690,True,True,PLCs
PL-012,PL-012,SRV-ARRIVAL-ADMINISTRATION,Arrival/Administration,Arrival/Administration,SPT-PROFESSIONAL-LEARNING-CENTER,CAT-PROFESSIONAL-LEA-AMENITIES,SUB-PROFESSIONAL-AMENITIES-DISPLAY-AND-PRESENTATI,ALL,"How much writable surface (e.g., markerboard) is provided, excluding glass? Include both fixed and mobile surfaces.",,SingleSelect,SingleResponse,9,1700,True,True,PLCs
PL-013,PL-013,SRV-ARRIVAL-ADMINISTRATION,Arrival/Administration,Arrival/Administration,SPT-PROFESSIONAL-LEARNING-CENTER,CAT-PROFESSIONAL-LEA-AMENITIES,SUB-PROFESSIONAL-AMENITIES-DISPLAY-AND-PRESENTATI,ALL,How much tackboard/tackwall is provided? Include both fixed and mobile surfaces.,,SingleSelect,SingleResponse,9,1710,True,True,PLCs
PL-014,PL-014,SRV-ARRIVAL-ADMINISTRATION,Arrival/Administration,Arrival/Administration,SPT-PROFESSIONAL-LEARNING-CENTER,CAT-PROFESSIONAL-LEA-INFRASTRUCTURE,SUB-PROFESSIONAL-INFRASTRUCTU-UTILITIES-AND-TECHNOLO,ALL,"How many general-use outlets are provided? (Count each wall plate as one, regardless of the number of plugs.)",,SingleSelect,SingleResponse,12,1720,True,True,PLCs
PL-015,PL-015,SRV-ARRIVAL-ADMINISTRATION,Arrival/Administration,Arrival/Administration,SPT-PROFESSIONAL-LEARNING-CENTER,CAT-PROFESSIONAL-LEA-INFRASTRUCTURE,SUB-PROFESSIONAL-INFRASTRUCTU-UTILITIES-AND-TECHNOLO,ALL,How many walls in the space have general-use outlets?,,SingleSelect,SingleResponse,12,1730,True,True,PLCs
PL-016,PL-016,SRV-ARRIVAL-ADMINISTRATION,Arrival/Administration,Arrival/Administration,SPT-PROFESSIONAL-LEARNING-CENTER,CAT-PROFESSIONAL-LEA-INFRASTRUCTURE,SUB-PROFESSIONAL-INFRASTRUCTU-UTILITIES-AND-TECHNOLO,ALL,How many walls in the space have data outlets?,,SingleSelect,SingleResponse,12,1740,True,True,PLCs
PL-017,PL-017,SRV-ARRIVAL-ADMINISTRATION,Arrival/Administration,Arrival/Administration,SPT-PROFESSIONAL-LEARNING-CENTER,CAT-PROFESSIONAL-LEA-OCCUPANT-EXPERIENCE,SUB-PROFESSIONAL-OCCUPANT-EXP-OCCUPANT-COMFORT,ALL,Select one (temperature control),,SingleSelect,SingleResponse,12,1750,True,True,PLCs
PL-018,PL-018,SRV-ARRIVAL-ADMINISTRATION,Arrival/Administration,Arrival/Administration,SPT-PROFESSIONAL-LEARNING-CENTER,CAT-PROFESSIONAL-LEA-OCCUPANT-EXPERIENCE,SUB-PROFESSIONAL-OCCUPANT-EXP-SAFETY-AND-SUPERVISION,ALL,"Is visibility provided into the space from adjacent interior spaces (i.e., glass exists, even if currently covered)?",,YesNo,SingleResponse,12,1760,True,True,PLCs
PL-019,PL-019,SRV-ARRIVAL-ADMINISTRATION,Arrival/Administration,Arrival/Administration,SPT-PROFESSIONAL-LEARNING-CENTER,CAT-PROFESSIONAL-LEA-OCCUPANT-EXPERIENCE,SUB-PROFESSIONAL-OCCUPANT-EXP-SAFETY-AND-SUPERVISION,ALL,What type of visibility is provided into the space from adjacent interior spaces?,,MultiSelect,Inventory,,1770,True,True,PLCs
PL-020,PL-020,SRV-ARRIVAL-ADMINISTRATION,Arrival/Administration,Arrival/Administration,SPT-PROFESSIONAL-LEARNING-CENTER,CAT-PROFESSIONAL-LEA-OCCUPANT-EXPERIENCE,SUB-PROFESSIONAL-OCCUPANT-EXP-SAFETY-AND-SUPERVISION,ALL,Select all that apply (safety),,MultiSelect,MixedItemScoring,12,1780,True,True,PLCs
PL-021,PL-021,SRV-ARRIVAL-ADMINISTRATION,Arrival/Administration,Arrival/Administration,SPT-PROFESSIONAL-LEARNING-CENTER,CAT-PROFESSIONAL-LEA-AMENITIES,SUB-PROFESSIONAL-AMENITIES-FURNITURE-AND-EQUIPMEN,ALL,Select all that apply (furniture),,MultiSelect,Inventory,,1790,True,True,PLCs
PL-022,PL-022,SRV-ARRIVAL-ADMINISTRATION,Arrival/Administration,Arrival/Administration,SPT-PROFESSIONAL-LEARNING-CENTER,CAT-PROFESSIONAL-LEA-AMENITIES,SUB-PROFESSIONAL-AMENITIES-FURNITURE-AND-EQUIPMEN,ALL,How easily can the furniture be rearranged?,,SingleSelect,SingleResponse,12,1800,True,True,PLCs
PL-023,PL-023,SRV-ARRIVAL-ADMINISTRATION,Arrival/Administration,Arrival/Administration,SPT-PROFESSIONAL-LEARNING-CENTER,CAT-PROFESSIONAL-LEA-AMENITIES,SUB-PROFESSIONAL-AMENITIES-FURNITURE-AND-EQUIPMEN,ALL,What is the condition of the furniture?,,SingleSelect,SingleResponse,12,1810,True,True,PLCs
PL-024,PL-024,SRV-ARRIVAL-ADMINISTRATION,Arrival/Administration,Arrival/Administration,SPT-PROFESSIONAL-LEARNING-CENTER,CAT-PROFESSIONAL-LEA-INFRASTRUCTURE,SUB-PROFESSIONAL-INFRASTRUCTU-FLOORING-AND-SURFACE-F,ALL,What type of flooring is in the space?,,SingleSelect,Inventory,,1820,True,True,PLCs
PL-025,PL-025,SRV-ARRIVAL-ADMINISTRATION,Arrival/Administration,Arrival/Administration,SPT-PROFESSIONAL-LEARNING-CENTER,CAT-PROFESSIONAL-LEA-INFRASTRUCTURE,SUB-PROFESSIONAL-INFRASTRUCTU-UTILITIES-AND-TECHNOLO,ALL,Select all that apply (general inventory),,MultiSelect,MixedItemScoring,12,1830,True,True,PLCs
ME-001,ME-001,SRV-ARRIVAL-ADMINISTRATION,Arrival/Administration,Arrival/Administration,SPT-MAIN-ENTRY-RECEPTION,CAT-MAIN-ENTRY-RECEP-OCCUPANT-EXPERIENCE,SUB-MAIN-ENTRY-R-OCCUPANT-EXP-SAFETY-AND-SUPERVISION,ALL,Select all that apply (vestibule),,MultiSelect,MixedItemScoring,12,1840,True,True,Main Entry Reception
ME-002,ME-002,SRV-ARRIVAL-ADMINISTRATION,Arrival/Administration,Arrival/Administration,SPT-MAIN-ENTRY-RECEPTION,CAT-MAIN-ENTRY-RECEP-OCCUPANT-EXPERIENCE,SUB-MAIN-ENTRY-R-OCCUPANT-EXP-SAFETY-AND-SUPERVISION,ALL,Select all locations with clear sightlines from the reception workstation:,,MultiSelect,MixedItemScoring,12,1850,True,True,Main Entry Reception
ME-003,ME-003,SRV-ARRIVAL-ADMINISTRATION,Arrival/Administration,Arrival/Administration,SPT-MAIN-ENTRY-RECEPTION,CAT-MAIN-ENTRY-RECEP-OCCUPANT-EXPERIENCE,SUB-MAIN-ENTRY-R-OCCUPANT-EXP-AESTHETICS,ALL,Select all that apply (welcoming entry),,MultiSelect,MixedItemScoring,6,1860,True,True,Main Entry Reception
ME-004,ME-004,SRV-ARRIVAL-ADMINISTRATION,Arrival/Administration,Arrival/Administration,SPT-MAIN-ENTRY-RECEPTION,CAT-MAIN-ENTRY-RECEP-OCCUPANT-EXPERIENCE,SUB-MAIN-ENTRY-R-OCCUPANT-EXP-AESTHETICS,ALL,Which of the following describe the color scheme in the space?,,SingleSelect,SingleResponse,6,1870,True,True,Main Entry Reception
ME-005,ME-005,SRV-ARRIVAL-ADMINISTRATION,Arrival/Administration,Arrival/Administration,SPT-MAIN-ENTRY-RECEPTION,CAT-MAIN-ENTRY-RECEP-FUNCTION,SUB-MAIN-ENTRY-R-FUNCTION-ADJACENCY-AND-ACCESS,ALL,Select all that apply (adjacencies),,MultiSelect,MixedItemScoring,12,1880,True,True,Main Entry Reception
ME-006,ME-006,SRV-ARRIVAL-ADMINISTRATION,Arrival/Administration,Arrival/Administration,SPT-MAIN-ENTRY-RECEPTION,CAT-MAIN-ENTRY-RECEP-OCCUPANT-EXPERIENCE,SUB-MAIN-ENTRY-R-OCCUPANT-EXP-OCCUPANT-COMFORT,ALL,Are there exterior windows?,,YesNo,SingleResponse,12,1890,True,True,Main Entry Reception
ME-007,ME-007,SRV-ARRIVAL-ADMINISTRATION,Arrival/Administration,Arrival/Administration,SPT-MAIN-ENTRY-RECEPTION,CAT-MAIN-ENTRY-RECEP-OCCUPANT-EXPERIENCE,SUB-MAIN-ENTRY-R-OCCUPANT-EXP-OCCUPANT-COMFORT,ALL,Select all that apply (exterior windows),Supports wellbeing through connection to the outdoors,MultiSelect,MixedItemScoring,12,1900,True,True,Main Entry Reception
ME-008,ME-008,SRV-ARRIVAL-ADMINISTRATION,Arrival/Administration,Arrival/Administration,SPT-MAIN-ENTRY-RECEPTION,CAT-MAIN-ENTRY-RECEP-OCCUPANT-EXPERIENCE,SUB-MAIN-ENTRY-R-OCCUPANT-EXP-OCCUPANT-COMFORT,ALL,What window coverings are provided on exterior windows?,,SingleSelect,SingleResponse,12,1910,True,True,Main Entry Reception
ME-009,ME-009,SRV-ARRIVAL-ADMINISTRATION,Arrival/Administration,Arrival/Administration,SPT-MAIN-ENTRY-RECEPTION,CAT-MAIN-ENTRY-RECEP-OCCUPANT-EXPERIENCE,SUB-MAIN-ENTRY-R-OCCUPANT-EXP-SAFETY-AND-SUPERVISION,ALL,"Is visibility provided into the space from adjacent interior spaces (i.e., glass exists, even if currently covered)?",,YesNo,SingleResponse,12,1920,True,True,Main Entry Reception
ME-010,ME-010,SRV-ARRIVAL-ADMINISTRATION,Arrival/Administration,Arrival/Administration,SPT-MAIN-ENTRY-RECEPTION,CAT-MAIN-ENTRY-RECEP-OCCUPANT-EXPERIENCE,SUB-MAIN-ENTRY-R-OCCUPANT-EXP-SAFETY-AND-SUPERVISION,ALL,What type of visibility is provided into the space from adjacent interior spaces?,,MultiSelect,Inventory,,1930,True,True,Main Entry Reception
ME-011,ME-011,SRV-ARRIVAL-ADMINISTRATION,Arrival/Administration,Arrival/Administration,SPT-MAIN-ENTRY-RECEPTION,CAT-MAIN-ENTRY-RECEP-AMENITIES,SUB-MAIN-ENTRY-R-AMENITIES-DISPLAY-AND-PRESENTATI,ALL,"How much writable surface (e.g., markerboard) is provided, excluding glass? Include both fixed and mobile surfaces.",,SingleSelect,SingleResponse,9,1940,True,True,Main Entry Reception
ME-012,ME-012,SRV-ARRIVAL-ADMINISTRATION,Arrival/Administration,Arrival/Administration,SPT-MAIN-ENTRY-RECEPTION,CAT-MAIN-ENTRY-RECEP-AMENITIES,SUB-MAIN-ENTRY-R-AMENITIES-DISPLAY-AND-PRESENTATI,ALL,How much tackboard/tackwall is provided? Include both fixed and mobile surfaces.,,SingleSelect,SingleResponse,9,1950,True,True,Main Entry Reception
ME-013,ME-013,SRV-ARRIVAL-ADMINISTRATION,Arrival/Administration,Arrival/Administration,SPT-MAIN-ENTRY-RECEPTION,CAT-MAIN-ENTRY-RECEP-OCCUPANT-EXPERIENCE,SUB-MAIN-ENTRY-R-OCCUPANT-EXP-OCCUPANT-COMFORT,ALL,Select one (temperature control),,SingleSelect,SingleResponse,12,1960,True,True,Main Entry Reception
ME-014,ME-014,SRV-ARRIVAL-ADMINISTRATION,Arrival/Administration,Arrival/Administration,SPT-MAIN-ENTRY-RECEPTION,CAT-MAIN-ENTRY-RECEP-AMENITIES,SUB-MAIN-ENTRY-R-AMENITIES-FURNITURE-AND-EQUIPMEN,ALL,What is the condition of the furniture?,,SingleSelect,SingleResponse,12,1970,True,True,Main Entry Reception
ME-015,ME-015,SRV-ARRIVAL-ADMINISTRATION,Arrival/Administration,Arrival/Administration,SPT-MAIN-ENTRY-RECEPTION,CAT-MAIN-ENTRY-RECEP-AMENITIES,SUB-MAIN-ENTRY-R-AMENITIES-FURNITURE-AND-EQUIPMEN,ALL,Select all that apply (furniture),,MultiSelect,MixedItemScoring,9,1980,True,True,Main Entry Reception
ME-016,ME-016,SRV-ARRIVAL-ADMINISTRATION,Arrival/Administration,Arrival/Administration,SPT-MAIN-ENTRY-RECEPTION,CAT-MAIN-ENTRY-RECEP-FUNCTION,SUB-MAIN-ENTRY-R-FUNCTION-LAYOUT-AND-FLEXIBILITY,ALL,How many staff workstations are provided in the reception area?,,SingleSelect,SingleResponse,12,1990,True,True,Main Entry Reception
ME-017,ME-017,SRV-ARRIVAL-ADMINISTRATION,Arrival/Administration,Arrival/Administration,SPT-MAIN-ENTRY-RECEPTION,CAT-MAIN-ENTRY-RECEP-INFRASTRUCTURE,SUB-MAIN-ENTRY-R-INFRASTRUCTU-FLOORING-AND-SURFACE-F,ALL,What type of flooring is in the space?,,SingleSelect,Inventory,,2000,True,True,Main Entry Reception
ME-018,ME-018,SRV-ARRIVAL-ADMINISTRATION,Arrival/Administration,Arrival/Administration,SPT-MAIN-ENTRY-RECEPTION,CAT-MAIN-ENTRY-RECEP-INFRASTRUCTURE,SUB-MAIN-ENTRY-R-INFRASTRUCTU-UTILITIES-AND-TECHNOLO,ALL,Select all that apply (general inventory),,MultiSelect,Inventory,,2010,True,True,Main Entry Reception
MA-001,MA-001,SRV-ARRIVAL-ADMINISTRATION,Arrival/Administration,Arrival/Administration,SPT-MAIN-ADMIN-SUITE,CAT-MAIN-ADMIN-SUITE-FUNCTION,SUB-MAIN-ADMIN-S-FUNCTION-AVAILABILITY,ALL,Select all that are provided within or directly adjacent to the administration suite (spaces checklist),,MultiSelect,MixedItemScoring,12,2020,True,True,Main Admin Suite
MA-002,MA-002,SRV-ARRIVAL-ADMINISTRATION,Arrival/Administration,Arrival/Administration,SPT-MAIN-ADMIN-SUITE,CAT-MAIN-ADMIN-SUITE-OCCUPANT-EXPERIENCE,SUB-MAIN-ADMIN-S-OCCUPANT-EXP-CIRCULATION-AND-EGRESS,ALL,Select all that apply (principal's office),,MultiSelect,MixedItemScoring,12,2030,True,True,Main Admin Suite
MA-003,MA-003,SRV-ARRIVAL-ADMINISTRATION,Arrival/Administration,Arrival/Administration,SPT-MAIN-ADMIN-SUITE,CAT-MAIN-ADMIN-SUITE-INFRASTRUCTURE,SUB-MAIN-ADMIN-S-INFRASTRUCTU-UTILITIES-AND-TECHNOLO,ALL,Select all that apply (lighting),,MultiSelect,MixedItemScoring,12,2040,True,True,Main Admin Suite
MA-004,MA-004,SRV-ARRIVAL-ADMINISTRATION,Arrival/Administration,Arrival/Administration,SPT-MAIN-ADMIN-SUITE,CAT-MAIN-ADMIN-SUITE-OCCUPANT-EXPERIENCE,SUB-MAIN-ADMIN-S-OCCUPANT-EXP-AESTHETICS,ALL,Which of the following describe the color scheme in the space?,,SingleSelect,SingleResponse,6,2050,True,True,Main Admin Suite
MA-005,MA-005,SRV-ARRIVAL-ADMINISTRATION,Arrival/Administration,Arrival/Administration,SPT-MAIN-ADMIN-SUITE,CAT-MAIN-ADMIN-SUITE-AMENITIES,SUB-MAIN-ADMIN-S-AMENITIES-STORAGE,ES,How much casework and countertop space is provided in the workroom?,,SingleSelect,SingleResponse,9,2060,True,True,Main Admin Suite
MA-006,MA-006,SRV-ARRIVAL-ADMINISTRATION,Arrival/Administration,Arrival/Administration,SPT-MAIN-ADMIN-SUITE,CAT-MAIN-ADMIN-SUITE-AMENITIES,SUB-MAIN-ADMIN-S-AMENITIES-STORAGE,MS+HS,How much casework and countertop space is provided in the workroom?,,SingleSelect,SingleResponse,9,2070,True,True,Main Admin Suite
MA-007,MA-007,SRV-ARRIVAL-ADMINISTRATION,Arrival/Administration,Arrival/Administration,SPT-MAIN-ADMIN-SUITE,CAT-MAIN-ADMIN-SUITE-FUNCTION,SUB-MAIN-ADMIN-S-FUNCTION-AVAILABILITY,ALL,Select all that apply (workroom),,MultiSelect,MixedItemScoring,12,2080,True,True,Main Admin Suite
MA-008,MA-008,SRV-ARRIVAL-ADMINISTRATION,Arrival/Administration,Arrival/Administration,SPT-MAIN-ADMIN-SUITE,CAT-MAIN-ADMIN-SUITE-OCCUPANT-EXPERIENCE,SUB-MAIN-ADMIN-S-OCCUPANT-EXP-SAFETY-AND-SUPERVISION,ALL,"Is visibility provided into the space from adjacent corridors or circulation areas (i.e., glass exists, even if currently covered)?",,YesNo,SingleResponse,12,2090,True,True,Main Admin Suite
MA-009,MA-009,SRV-ARRIVAL-ADMINISTRATION,Arrival/Administration,Arrival/Administration,SPT-MAIN-ADMIN-SUITE,CAT-MAIN-ADMIN-SUITE-OCCUPANT-EXPERIENCE,SUB-MAIN-ADMIN-S-OCCUPANT-EXP-SAFETY-AND-SUPERVISION,ALL,What type of visibility is provided into the space from adjacent corridors or circulation areas?,,MultiSelect,MixedItemScoring,12,2100,True,True,Main Admin Suite
MA-010,MA-010,SRV-ARRIVAL-ADMINISTRATION,Arrival/Administration,Arrival/Administration,SPT-MAIN-ADMIN-SUITE,CAT-MAIN-ADMIN-SUITE-OCCUPANT-EXPERIENCE,SUB-MAIN-ADMIN-S-OCCUPANT-EXP-SAFETY-AND-SUPERVISION,ALL,Select all that apply (safety),,MultiSelect,MixedItemScoring,12,2110,True,True,Main Admin Suite
MA-011,MA-011,SRV-ARRIVAL-ADMINISTRATION,Arrival/Administration,Arrival/Administration,SPT-MAIN-ADMIN-SUITE,CAT-MAIN-ADMIN-SUITE-INFRASTRUCTURE,SUB-MAIN-ADMIN-S-INFRASTRUCTU-FLOORING-AND-SURFACE-F,ALL,What type of flooring is in the space?,,SingleSelect,Inventory,,2120,True,True,Main Admin Suite
MA-012,MA-012,SRV-ARRIVAL-ADMINISTRATION,Arrival/Administration,Arrival/Administration,SPT-MAIN-ADMIN-SUITE,CAT-MAIN-ADMIN-SUITE-INFRASTRUCTURE,SUB-MAIN-ADMIN-S-INFRASTRUCTU-UTILITIES-AND-TECHNOLO,ALL,Select all that apply (general inventory),,MultiSelect,Inventory,,2130,True,True,Main Admin Suite
