CategoryID,ScoreFocusArea,SpaceTypeID,CategoryName,CategoryWeight,WeightSource,DisplayOrder,IsActive
CAT-TRADITIONAL-STUDIO-SIZE-5D15DF,Studios,SPT-TRADITIONAL-STUDIO-78A63C,Size,12,Assumed,10,True
CAT-OUTDOOR-SPACES-SIZE-D6B10A,Outdoor,SPT-OUTDOOR-SPACES-F4EC64,Size,12,Assumed,10,True
CAT-ADMIN-OFFICES-SIZE-74FA59,Arrival/Administration,SPT-ADMIN-OFFICES-C36ECE,Size,12,Assumed,10,True
CAT-MAIN-ADMIN-SUITE-SIZE-074A02,Arrival/Administration,SPT-MAIN-ADMIN-SUITE-6009C0,Size,12,Assumed,10,True
CAT-COMMUNITY-PARTNERS-SIZE-240CAB,Arrival/Administration,SPT-COMMUNITY-PARTNERS-SUITE-8EC0EC,Size,12,Assumed,10,True
CAT-MW-AND-COUNSELING--SIZE-213836,Administration,SPT-MW-AND-COUNSELING-SUITE-3ACB29,Size,12,Assumed,10,True
CAT-PROFESSIONAL-LEARN-SIZE-D0E0A0,Arrival/Administration,SPT-PROFESSIONAL-LEARNING-CENTER-A2E7B5,Size,12,Assumed,10,True
CAT-MAIN-ENTRY-RECEPTI-SIZE-9DE65B,Arrival/Administration,SPT-MAIN-ENTRY-RECEPTION-CC5A87,Size,12,Assumed,10,True
CAT-SCIENCE-SIZE-2DFD91,Studios,SPT-SCIENCE-2593B2,Size,12,Assumed,10,True
CAT-SCIENCE-PREP-ROOM-SIZE-EEA84C,Studios,SPT-SCIENCE-PREP-ROOM-C6879C,Size,12,Assumed,10,True
CAT-EARLY-CHILDHOOD-ST-SIZE-22C0CC,Studios,SPT-EARLY-CHILDHOOD-STUDIO-49159F,Size,12,Assumed,10,True
CAT-EARLY-CHILDHOOD-SP-SIZE-F56A89,Special Education,SPT-EARLY-CHILDHOOD-SPECIAL-EDUCAT-0E3811,Size,12,Assumed,10,True
CAT-MAKER-SPACE-SIZE-6D6AAB,Studios,SPT-MAKER-SPACE-57653D,Size,12,Assumed,10,True
CAT-SPECIAL-EDUCATION--SIZE-CF2F01,Special Education,SPT-SPECIAL-EDUCATION-SUITE-87FB39,Size,12,Assumed,10,True
CAT-SENSORY-MOTOR-LAB-SIZE-776C3F,Special Education,SPT-SENSORY-MOTOR-LAB-3CE0F0,Size,12,Assumed,10,True
CAT-LIFE-SKILLS-STUDIO-SIZE-EA6EBE,Special Education,SPT-LIFE-SKILLS-STUDIO-923127,Size,12,Assumed,10,True
CAT-VOCATIONAL-LAB-SIZE-191686,Special Education,SPT-VOCATIONAL-LAB-534CA6,Size,12,Assumed,10,True
CAT-SPED-FLEX-STUDIO-SIZE-C197F7,Special Education,SPT-SPED-FLEX-STUDIO-8EBAD0,Size,12,Assumed,10,True
CAT-LIBRARY-MEDIA-CENT-SIZE-E28AD9,Shared Spaces,SPT-LIBRARY-MEDIA-CENTER-951EE9,Size,12,Assumed,10,True
CAT-COMPETITION-GYM-SIZE-2CC6FE,Athletics and Wellness,SPT-COMPETITION-GYM-D05D49,Size,12,Assumed,10,True
CAT-MULTIPURPOSE-GYM-SIZE-D72B41,Athletics and Wellness,SPT-MULTIPURPOSE-GYM-99D091,Size,12,Assumed,10,True
CAT-PRACTICE-GYM-SIZE-708267,Athletics and Wellness,SPT-PRACTICE-GYM-8CB861,Size,12,Assumed,10,True
CAT-ES-GYMNASIUM-SIZE-48AA0C,Athletics and Wellness,SPT-ES-GYMNASIUM-4911CC,Size,12,Assumed,10,True
CAT-WEIGHT-ROOM-SIZE-D2179E,Athletics and Wellness,SPT-WEIGHT-ROOM-9E9F80,Size,12,Assumed,10,True
CAT-WRESTLING-SIZE-2319BE,Athletics and Wellness,SPT-WRESTLING-A78FB6,Size,12,Assumed,10,True
CAT-LOCKER-ROOMS-SIZE-426E0D,Athletics and Wellness,SPT-LOCKER-ROOMS-5ED7DB,Size,12,Assumed,10,True
CAT-PE-FITNESS-ROOM-SIZE-9DAC46,Athletics and Wellness,SPT-PE-FITNESS-ROOM-F9EFD1,Size,12,Assumed,10,True
CAT-ATHLETICS-WING-SIZE-A202C9,Athletics and Wellness,SPT-ATHLETICS-WING-31743B,Size,12,Assumed,10,True
CAT-OUTDOOR-ATHLETICS-SIZE-64AF44,Athletics and Wellness,SPT-OUTDOOR-ATHLETICS-DEC8BC,Size,12,Assumed,10,True
CAT-DINING-COMMONS-SIZE-9E20C3,Shared Spaces,SPT-DINING-COMMONS-B2FE05,Size,12,Assumed,10,True
CAT-KITCHEN-SIZE-0BD336,Shared Spaces,SPT-KITCHEN-B9C465,Size,12,Assumed,10,True
CAT-EMPOWER-CENTER-SIZE-D8A253,Empower Center,SPT-EMPOWER-CENTER-B88577,Size,12,Assumed,10,True
CAT-NEIGHBORHOOD-SIZE-B3293E,Neighborhoods,SPT-NEIGHBORHOOD-D091AE,Size,12,Assumed,10,True
CAT-EARLY-CHILDHOOD-NE-SIZE-54EDEE,Neighborhoods,SPT-EARLY-CHILDHOOD-NEIGHBORHOOD-A22ECD,Size,12,Assumed,10,True
CAT-GROUP-ROOM-SIZE-9B707B,Neighborhoods,SPT-GROUP-ROOM-4362E2,Size,12,Assumed,10,True
CAT-OPEN-COLLABORATION-SIZE-F12C34,Neighborhoods,SPT-OPEN-COLLABORATION-0308C2,Size,12,Assumed,10,True
CAT-CTE-STUDIO-SIZE-3EFBB6,CTE,SPT-CTE-STUDIO-143933,Size,12,Assumed,10,True
CAT-LOW-INTENSITY-LAB-SIZE-1C7448,CTE,SPT-LOW-INTENSITY-LAB-05F8AF,Size,12,Assumed,10,True
CAT-MEDIUM-INTENSITY-L-SIZE-A06770,CTE,SPT-MEDIUM-INTENSITY-LAB-C658FD,Size,12,Assumed,10,True
CAT-HIGH-INTENSITY-LAB-SIZE-691963,CTE,SPT-HIGH-INTENSITY-LAB-BF5D1A,Size,12,Assumed,10,True
CAT-ART-STUDIO-SIZE-BA0C30,Studios,SPT-ART-STUDIO-B083D5,Size,12,Assumed,10,True
CAT-2D-ART-STUDIO-SIZE-FC2EAF,Studios,SPT-2D-ART-STUDIO-4FF189,Size,12,Assumed,10,True
CAT-3D-ART-STUDIO-SIZE-7A03D7,Studios,SPT-3D-ART-STUDIO-41C678,Size,12,Assumed,10,True
CAT-DIGITAL-ARTS-STUDI-SIZE-DC1EA5,Studios,SPT-DIGITAL-ARTS-STUDIO-9AC3E8,Size,12,Assumed,10,True
CAT-THEATER-ARTS-STUDI-SIZE-F65EB9,Performing Arts,SPT-THEATER-ARTS-STUDIO-66AF54,Size,12,Assumed,10,True
CAT-THEATER-ARTS-SUITE-SIZE-16F439,Performing Arts,SPT-THEATER-ARTS-SUITE-E7A662,Size,12,Assumed,10,True
CAT-AUDITORIUM-SIZE-3130FB,Performing Arts,SPT-AUDITORIUM-A69CC4,Size,12,Assumed,10,True
CAT-BLACK-BOX-SIZE-65B5D6,Performing Arts,SPT-BLACK-BOX-AFA947,Size,12,Assumed,10,True
CAT-DANCE-SIZE-B72919,Performing Arts,SPT-DANCE-9926FD,Size,12,Assumed,10,True
CAT-MUSIC-STUDIO-SIZE-0A4E2C,Studios,SPT-MUSIC-STUDIO-7170B4,Size,12,Assumed,10,True
CAT-MUSIC-SUITE-SIZE-B761A0,Performing Arts,SPT-MUSIC-SUITE-96730D,Size,12,Assumed,10,True
CAT-REHEARSAL-HALL-SIZE-26720F,Performing Arts,SPT-REHEARSAL-HALL-4608D6,Size,12,Assumed,10,True
CAT-CAMPUS-SIZE-96DBB5,Closeout,SPT-CAMPUS-8C248A,Size,12,Assumed,10,True
CAT-OUTDOOR-ENTRY-SIZE-E11C61,Closeout,SPT-OUTDOOR-ENTRY-481ED6,Size,12,Assumed,10,True
CAT-PARKING-LOT-SIZE-BB1D60,Closeout,SPT-PARKING-LOT-E557D2,Size,12,Assumed,10,True
CAT-SITE-SIZE-3DD639,Closeout,SPT-SITE-5D8E29,Size,12,Assumed,10,True
CAT-TRADITIONAL-STUD-FUNCTION-C2728B,Studios,SPT-TRADITIONAL-STUDIO-78A63C,Function,12,Source,20,True
CAT-TRADITIONAL-STUD-INFRASTRUCTURE-7AEF91,Studios,SPT-TRADITIONAL-STUDIO-78A63C,Infrastructure,6,Source,30,True
CAT-TRADITIONAL-STUD-OCCUPANT-EXPERIENCE-508DFE,Studios,SPT-TRADITIONAL-STUDIO-78A63C,Occupant Experience,12,Source,40,True
CAT-TRADITIONAL-STUD-AMENITIES-A087E1,Studios,SPT-TRADITIONAL-STUDIO-78A63C,Amenities,9,Source,50,True
CAT-OUTDOOR-SPACES-AMENITIES-A3092F,Outdoor,SPT-OUTDOOR-SPACES-F4EC64,Amenities,12,Source,20,True
CAT-OUTDOOR-SPACES-OCCUPANT-EXPERIENCE-81CB5D,Outdoor,SPT-OUTDOOR-SPACES-F4EC64,Occupant Experience,12,Source,30,True
CAT-OUTDOOR-SPACES-FUNCTION-7C11D1,Outdoor,SPT-OUTDOOR-SPACES-F4EC64,Function,12,Source,40,True
CAT-OUTDOOR-SPACES-INFRASTRUCTURE-DB4715,Outdoor,SPT-OUTDOOR-SPACES-F4EC64,Infrastructure,6,Source,50,True
CAT-ADMIN-OFFICES-FUNCTION-41467A,Arrival/Administration,SPT-ADMIN-OFFICES-C36ECE,Function,12,Source,20,True
CAT-ADMIN-OFFICES-INFRASTRUCTURE-F0A2D8,Arrival/Administration,SPT-ADMIN-OFFICES-C36ECE,Infrastructure,6,Source,30,True
CAT-ADMIN-OFFICES-OCCUPANT-EXPERIENCE-BD5B4D,Arrival/Administration,SPT-ADMIN-OFFICES-C36ECE,Occupant Experience,12,Source,40,True
CAT-ADMIN-OFFICES-AMENITIES-8EA266,Arrival/Administration,SPT-ADMIN-OFFICES-C36ECE,Amenities,9,Source,50,True
CAT-MAIN-ADMIN-SUITE-OCCUPANT-EXPERIENCE-54985E,Arrival/Administration,SPT-MAIN-ADMIN-SUITE-6009C0,Occupant Experience,12,Source,20,True
CAT-COMMUNITY-PARTNE-FUNCTION-FA6308,Arrival/Administration,SPT-COMMUNITY-PARTNERS-SUITE-8EC0EC,Function,12,Source,20,True
CAT-COMMUNITY-PARTNE-OCCUPANT-EXPERIENCE-B68577,Arrival/Administration,SPT-COMMUNITY-PARTNERS-SUITE-8EC0EC,Occupant Experience,12,Source,30,True
CAT-COMMUNITY-PARTNE-AMENITIES-F47E07,Arrival/Administration,SPT-COMMUNITY-PARTNERS-SUITE-8EC0EC,Amenities,9,Source,40,True
CAT-COMMUNITY-PARTNE-INFRASTRUCTURE-902D32,Arrival/Administration,SPT-COMMUNITY-PARTNERS-SUITE-8EC0EC,Infrastructure,6,Assumed,50,True
CAT-MW-AND-COUNSELIN-FUNCTION-E4D080,Administration,SPT-MW-AND-COUNSELING-SUITE-3ACB29,Function,3,Source,20,True
CAT-MW-AND-COUNSELIN-INFRASTRUCTURE-E31953,Administration,SPT-MW-AND-COUNSELING-SUITE-3ACB29,Infrastructure,3,Source,30,True
CAT-MW-AND-COUNSELIN-AMENITIES-2A63B7,Administration,SPT-MW-AND-COUNSELING-SUITE-3ACB29,Amenities,3,Source,40,True
CAT-MW-AND-COUNSELIN-OCCUPANT-EXPERIENCE-339E86,Administration,SPT-MW-AND-COUNSELING-SUITE-3ACB29,Occupant Experience,3,Source,50,True
CAT-PROFESSIONAL-LEA-FUNCTION-0D7058,Arrival/Administration,SPT-PROFESSIONAL-LEARNING-CENTER-A2E7B5,Function,12,Source,20,True
CAT-PROFESSIONAL-LEA-INFRASTRUCTURE-5EF21B,Arrival/Administration,SPT-PROFESSIONAL-LEARNING-CENTER-A2E7B5,Infrastructure,6,Source,30,True
CAT-PROFESSIONAL-LEA-OCCUPANT-EXPERIENCE-9BB707,Arrival/Administration,SPT-PROFESSIONAL-LEARNING-CENTER-A2E7B5,Occupant Experience,12,Source,40,True
CAT-PROFESSIONAL-LEA-AMENITIES-AD46EC,Arrival/Administration,SPT-PROFESSIONAL-LEARNING-CENTER-A2E7B5,Amenities,9,Source,50,True
CAT-MAIN-ENTRY-RECEP-OCCUPANT-EXPERIENCE-7CD2FD,Arrival/Administration,SPT-MAIN-ENTRY-RECEPTION-CC5A87,Occupant Experience,12,Source,20,True
CAT-MAIN-ENTRY-RECEP-FUNCTION-E122F9,Arrival/Administration,SPT-MAIN-ENTRY-RECEPTION-CC5A87,Function,12,Source,30,True
CAT-MAIN-ENTRY-RECEP-AMENITIES-10BE28,Arrival/Administration,SPT-MAIN-ENTRY-RECEPTION-CC5A87,Amenities,9,Source,40,True
CAT-MAIN-ENTRY-RECEP-INFRASTRUCTURE-366D5D,Arrival/Administration,SPT-MAIN-ENTRY-RECEPTION-CC5A87,Infrastructure,6,Assumed,50,True
CAT-SCIENCE-FUNCTION-A9E6DD,Studios,SPT-SCIENCE-2593B2,Function,3,Source,20,True
CAT-SCIENCE-INFRASTRUCTURE-770C92,Studios,SPT-SCIENCE-2593B2,Infrastructure,3,Source,30,True
CAT-SCIENCE-OCCUPANT-EXPERIENCE-79D4C8,Studios,SPT-SCIENCE-2593B2,Occupant Experience,3,Source,40,True
CAT-SCIENCE-AMENITIES-5052F9,Studios,SPT-SCIENCE-2593B2,Amenities,3,Source,50,True
CAT-SCIENCE-PREP-ROO-FUNCTION-B84F12,Studios,SPT-SCIENCE-PREP-ROOM-C6879C,Function,3,Source,20,True
CAT-SCIENCE-PREP-ROO-AMENITIES-95F4A0,Studios,SPT-SCIENCE-PREP-ROOM-C6879C,Amenities,3,Source,30,True
CAT-SCIENCE-PREP-ROO-OCCUPANT-EXPERIENCE-9272F6,Studios,SPT-SCIENCE-PREP-ROOM-C6879C,Occupant Experience,3,Source,40,True
CAT-SCIENCE-PREP-ROO-INFRASTRUCTURE-3AD124,Studios,SPT-SCIENCE-PREP-ROOM-C6879C,Infrastructure,3,Source,50,True
CAT-MAIN-ADMIN-SUITE-FUNCTION-8447F5,Arrival/Administration,SPT-MAIN-ADMIN-SUITE-6009C0,Function,12,Source,30,True
CAT-MAIN-ADMIN-SUITE-INFRASTRUCTURE-7629D5,Arrival/Administration,SPT-MAIN-ADMIN-SUITE-6009C0,Infrastructure,9,Source,40,True
CAT-MAIN-ADMIN-SUITE-AMENITIES-E04AEB,Arrival/Administration,SPT-MAIN-ADMIN-SUITE-6009C0,Amenities,6,Source,50,True
CAT-EARLY-CHILDHOOD--FUNCTION-644BC4,Studios,SPT-EARLY-CHILDHOOD-STUDIO-49159F,Function,12,Source,20,True
CAT-EARLY-CHILDHOOD--INFRASTRUCTURE-6A12F4,Studios,SPT-EARLY-CHILDHOOD-STUDIO-49159F,Infrastructure,6,Source,30,True
CAT-EARLY-CHILDHOOD--OCCUPANT-EXPERIENCE-CE4284,Studios,SPT-EARLY-CHILDHOOD-STUDIO-49159F,Occupant Experience,12,Source,40,True
CAT-EARLY-CHILDHOOD--AMENITIES-C58227,Studios,SPT-EARLY-CHILDHOOD-STUDIO-49159F,Amenities,9,Source,50,True
CAT-EARLY-CHILDHOOD--FUNCTION-65DB20,Special Education,SPT-EARLY-CHILDHOOD-SPECIAL-EDUCAT-0E3811,Function,12,Source,20,True
CAT-EARLY-CHILDHOOD--INFRASTRUCTURE-8F2D85,Special Education,SPT-EARLY-CHILDHOOD-SPECIAL-EDUCAT-0E3811,Infrastructure,6,Source,30,True
CAT-EARLY-CHILDHOOD--OCCUPANT-EXPERIENCE-BD637C,Special Education,SPT-EARLY-CHILDHOOD-SPECIAL-EDUCAT-0E3811,Occupant Experience,12,Source,40,True
CAT-EARLY-CHILDHOOD--AMENITIES-2806E6,Special Education,SPT-EARLY-CHILDHOOD-SPECIAL-EDUCAT-0E3811,Amenities,9,Source,50,True
CAT-MAKER-SPACE-FUNCTION-316497,Studios,SPT-MAKER-SPACE-57653D,Function,12,Source,20,True
CAT-MAKER-SPACE-INFRASTRUCTURE-2B381C,Studios,SPT-MAKER-SPACE-57653D,Infrastructure,9,Source,30,True
CAT-MAKER-SPACE-OCCUPANT-EXPERIENCE-C245CA,Studios,SPT-MAKER-SPACE-57653D,Occupant Experience,12,Source,40,True
CAT-MAKER-SPACE-AMENITIES-ED6EAC,Studios,SPT-MAKER-SPACE-57653D,Amenities,9,Source,50,True
CAT-SPECIAL-EDUCATIO-FUNCTION-27F775,Special Education,SPT-SPECIAL-EDUCATION-SUITE-87FB39,Function,3,Source,20,True
CAT-SPECIAL-EDUCATIO-OCCUPANT-EXPERIENCE-9EECD6,Special Education,SPT-SPECIAL-EDUCATION-SUITE-87FB39,Occupant Experience,3,Source,30,True
CAT-SPECIAL-EDUCATIO-AMENITIES-2963B9,Special Education,SPT-SPECIAL-EDUCATION-SUITE-87FB39,Amenities,3,Source,40,True
CAT-SENSORY-MOTOR-LA-FUNCTION-DE0409,Special Education,SPT-SENSORY-MOTOR-LAB-3CE0F0,Function,3,Source,20,True
CAT-SENSORY-MOTOR-LA-INFRASTRUCTURE-81347E,Special Education,SPT-SENSORY-MOTOR-LAB-3CE0F0,Infrastructure,3,Source,30,True
CAT-SENSORY-MOTOR-LA-OCCUPANT-EXPERIENCE-BA8837,Special Education,SPT-SENSORY-MOTOR-LAB-3CE0F0,Occupant Experience,3,Source,40,True
CAT-SENSORY-MOTOR-LA-AMENITIES-371CAF,Special Education,SPT-SENSORY-MOTOR-LAB-3CE0F0,Amenities,3,Source,50,True
CAT-LIFE-SKILLS-STUD-FUNCTION-F09415,Special Education,SPT-LIFE-SKILLS-STUDIO-923127,Function,3,Source,20,True
CAT-LIFE-SKILLS-STUD-INFRASTRUCTURE-8CC0F1,Special Education,SPT-LIFE-SKILLS-STUDIO-923127,Infrastructure,3,Source,30,True
CAT-LIFE-SKILLS-STUD-OCCUPANT-EXPERIENCE-B7587E,Special Education,SPT-LIFE-SKILLS-STUDIO-923127,Occupant Experience,3,Source,40,True
CAT-LIFE-SKILLS-STUD-AMENITIES-CB548A,Special Education,SPT-LIFE-SKILLS-STUDIO-923127,Amenities,3,Source,50,True
CAT-VOCATIONAL-LAB-FUNCTION-841DE3,Special Education,SPT-VOCATIONAL-LAB-534CA6,Function,3,Source,20,True
CAT-VOCATIONAL-LAB-INFRASTRUCTURE-D1F491,Special Education,SPT-VOCATIONAL-LAB-534CA6,Infrastructure,3,Source,30,True
CAT-VOCATIONAL-LAB-OCCUPANT-EXPERIENCE-D68954,Special Education,SPT-VOCATIONAL-LAB-534CA6,Occupant Experience,3,Source,40,True
CAT-VOCATIONAL-LAB-AMENITIES-CFF977,Special Education,SPT-VOCATIONAL-LAB-534CA6,Amenities,3,Source,50,True
CAT-SPED-FLEX-STUDIO-FUNCTION-6DD4AD,Special Education,SPT-SPED-FLEX-STUDIO-8EBAD0,Function,3,Source,20,True
CAT-SPED-FLEX-STUDIO-INFRASTRUCTURE-4DE76D,Special Education,SPT-SPED-FLEX-STUDIO-8EBAD0,Infrastructure,3,Source,30,True
CAT-SPED-FLEX-STUDIO-OCCUPANT-EXPERIENCE-8AFA59,Special Education,SPT-SPED-FLEX-STUDIO-8EBAD0,Occupant Experience,3,Source,40,True
CAT-SPED-FLEX-STUDIO-AMENITIES-26A279,Special Education,SPT-SPED-FLEX-STUDIO-8EBAD0,Amenities,3,Source,50,True
CAT-LIBRARY-MEDIA-CE-FUNCTION-4C5A48,Shared Spaces,SPT-LIBRARY-MEDIA-CENTER-951EE9,Function,3,Source,20,True
CAT-LIBRARY-MEDIA-CE-OCCUPANT-EXPERIENCE-AA6844,Shared Spaces,SPT-LIBRARY-MEDIA-CENTER-951EE9,Occupant Experience,3,Source,30,True
CAT-LIBRARY-MEDIA-CE-INFRASTRUCTURE-55F9C1,Shared Spaces,SPT-LIBRARY-MEDIA-CENTER-951EE9,Infrastructure,3,Source,40,True
CAT-LIBRARY-MEDIA-CE-AMENITIES-B4D1A3,Shared Spaces,SPT-LIBRARY-MEDIA-CENTER-951EE9,Amenities,3,Source,50,True
CAT-COMPETITION-GYM-FUNCTION-DF3B84,Athletics and Wellness,SPT-COMPETITION-GYM-D05D49,Function,3,Source,20,True
CAT-COMPETITION-GYM-OCCUPANT-EXPERIENCE-3EC0F6,Athletics and Wellness,SPT-COMPETITION-GYM-D05D49,Occupant Experience,3,Source,30,True
CAT-COMPETITION-GYM-INFRASTRUCTURE-769FD9,Athletics and Wellness,SPT-COMPETITION-GYM-D05D49,Infrastructure,3,Source,40,True
CAT-COMPETITION-GYM-AMENITIES-B630C2,Athletics and Wellness,SPT-COMPETITION-GYM-D05D49,Amenities,3,Source,50,True
CAT-MULTIPURPOSE-GYM-FUNCTION-E90D0C,Athletics and Wellness,SPT-MULTIPURPOSE-GYM-99D091,Function,3,Source,20,True
CAT-MULTIPURPOSE-GYM-OCCUPANT-EXPERIENCE-6D2DCB,Athletics and Wellness,SPT-MULTIPURPOSE-GYM-99D091,Occupant Experience,3,Source,30,True
CAT-MULTIPURPOSE-GYM-INFRASTRUCTURE-9E58C8,Athletics and Wellness,SPT-MULTIPURPOSE-GYM-99D091,Infrastructure,3,Source,40,True
CAT-MULTIPURPOSE-GYM-AMENITIES-8BF12C,Athletics and Wellness,SPT-MULTIPURPOSE-GYM-99D091,Amenities,3,Source,50,True
CAT-PRACTICE-GYM-FUNCTION-72FD7C,Athletics and Wellness,SPT-PRACTICE-GYM-8CB861,Function,3,Source,20,True
CAT-PRACTICE-GYM-OCCUPANT-EXPERIENCE-A7B680,Athletics and Wellness,SPT-PRACTICE-GYM-8CB861,Occupant Experience,3,Source,30,True
CAT-PRACTICE-GYM-INFRASTRUCTURE-44E1A7,Athletics and Wellness,SPT-PRACTICE-GYM-8CB861,Infrastructure,3,Source,40,True
CAT-PRACTICE-GYM-AMENITIES-0CE41F,Athletics and Wellness,SPT-PRACTICE-GYM-8CB861,Amenities,3,Source,50,True
CAT-ES-GYMNASIUM-OCCUPANT-EXPERIENCE-A8828F,Athletics and Wellness,SPT-ES-GYMNASIUM-4911CC,Occupant Experience,3,Source,20,True
CAT-ES-GYMNASIUM-AMENITIES-FC031C,Athletics and Wellness,SPT-ES-GYMNASIUM-4911CC,Amenities,3,Source,30,True
CAT-ES-GYMNASIUM-INFRASTRUCTURE-F5DE81,Athletics and Wellness,SPT-ES-GYMNASIUM-4911CC,Infrastructure,3,Source,40,True
CAT-ES-GYMNASIUM-FUNCTION-AB75AB,Athletics and Wellness,SPT-ES-GYMNASIUM-4911CC,Function,3,Source,50,True
CAT-WEIGHT-ROOM-FUNCTION-7EB479,Athletics and Wellness,SPT-WEIGHT-ROOM-9E9F80,Function,3,Source,20,True
CAT-WEIGHT-ROOM-AMENITIES-02F555,Athletics and Wellness,SPT-WEIGHT-ROOM-9E9F80,Amenities,3,Source,30,True
CAT-WEIGHT-ROOM-OCCUPANT-EXPERIENCE-5F0124,Athletics and Wellness,SPT-WEIGHT-ROOM-9E9F80,Occupant Experience,3,Source,40,True
CAT-WEIGHT-ROOM-INFRASTRUCTURE-33F0C8,Athletics and Wellness,SPT-WEIGHT-ROOM-9E9F80,Infrastructure,3,Source,50,True
CAT-WRESTLING-FUNCTION-99DACB,Athletics and Wellness,SPT-WRESTLING-A78FB6,Function,3,Source,20,True
CAT-WRESTLING-AMENITIES-4E2B31,Athletics and Wellness,SPT-WRESTLING-A78FB6,Amenities,3,Source,30,True
CAT-WRESTLING-OCCUPANT-EXPERIENCE-054321,Athletics and Wellness,SPT-WRESTLING-A78FB6,Occupant Experience,3,Source,40,True
CAT-WRESTLING-INFRASTRUCTURE-189B8C,Athletics and Wellness,SPT-WRESTLING-A78FB6,Infrastructure,3,Source,50,True
CAT-LOCKER-ROOMS-FUNCTION-9691BE,Athletics and Wellness,SPT-LOCKER-ROOMS-5ED7DB,Function,3,Source,20,True
CAT-LOCKER-ROOMS-OCCUPANT-EXPERIENCE-173B93,Athletics and Wellness,SPT-LOCKER-ROOMS-5ED7DB,Occupant Experience,3,Source,30,True
CAT-LOCKER-ROOMS-INFRASTRUCTURE-550623,Athletics and Wellness,SPT-LOCKER-ROOMS-5ED7DB,Infrastructure,3,Source,40,True
CAT-PE-FITNESS-ROOM-FUNCTION-560118,Athletics and Wellness,SPT-PE-FITNESS-ROOM-F9EFD1,Function,3,Source,20,True
CAT-PE-FITNESS-ROOM-AMENITIES-505A53,Athletics and Wellness,SPT-PE-FITNESS-ROOM-F9EFD1,Amenities,3,Source,30,True
CAT-PE-FITNESS-ROOM-INFRASTRUCTURE-3DFE98,Athletics and Wellness,SPT-PE-FITNESS-ROOM-F9EFD1,Infrastructure,3,Source,40,True
CAT-ATHLETICS-WING-FUNCTION-627E29,Athletics and Wellness,SPT-ATHLETICS-WING-31743B,Function,3,Source,20,True
CAT-ATHLETICS-WING-AMENITIES-D0AD4A,Athletics and Wellness,SPT-ATHLETICS-WING-31743B,Amenities,3,Source,30,True
CAT-OUTDOOR-ATHLETIC-FUNCTION-E3F781,Athletics and Wellness,SPT-OUTDOOR-ATHLETICS-DEC8BC,Function,3,Source,20,True
CAT-OUTDOOR-ATHLETIC-AMENITIES-D8D932,Athletics and Wellness,SPT-OUTDOOR-ATHLETICS-DEC8BC,Amenities,9,Source,30,True
CAT-OUTDOOR-ATHLETIC-INFRASTRUCTURE-CA4A8A,Athletics and Wellness,SPT-OUTDOOR-ATHLETICS-DEC8BC,Infrastructure,3,Source,40,True
CAT-DINING-COMMONS-OCCUPANT-EXPERIENCE-BE947B,Shared Spaces,SPT-DINING-COMMONS-B2FE05,Occupant Experience,3,Source,20,True
CAT-DINING-COMMONS-INFRASTRUCTURE-3678CE,Shared Spaces,SPT-DINING-COMMONS-B2FE05,Infrastructure,3,Source,30,True
CAT-DINING-COMMONS-FUNCTION-8DA6BD,Shared Spaces,SPT-DINING-COMMONS-B2FE05,Function,3,Source,40,True
CAT-DINING-COMMONS-AMENITIES-84F801,Shared Spaces,SPT-DINING-COMMONS-B2FE05,Amenities,3,Source,50,True
CAT-KITCHEN-FUNCTION-FBE08A,Shared Spaces,SPT-KITCHEN-B9C465,Function,3,Source,20,True
CAT-KITCHEN-INFRASTRUCTURE-C60377,Shared Spaces,SPT-KITCHEN-B9C465,Infrastructure,3,Source,30,True
CAT-EMPOWER-CENTER-FUNCTION-798A58,Empower Center,SPT-EMPOWER-CENTER-B88577,Function,3,Source,20,True
CAT-EMPOWER-CENTER-INFRASTRUCTURE-FA3F3B,Empower Center,SPT-EMPOWER-CENTER-B88577,Infrastructure,3,Source,30,True
CAT-EMPOWER-CENTER-OCCUPANT-EXPERIENCE-401E31,Empower Center,SPT-EMPOWER-CENTER-B88577,Occupant Experience,3,Source,40,True
CAT-EMPOWER-CENTER-AMENITIES-888B8E,Empower Center,SPT-EMPOWER-CENTER-B88577,Amenities,3,Source,50,True
CAT-NEIGHBORHOOD-OCCUPANT-EXPERIENCE-1F4AA9,Neighborhoods,SPT-NEIGHBORHOOD-D091AE,Occupant Experience,3,Source,20,True
CAT-NEIGHBORHOOD-FUNCTION-1A9C81,Neighborhoods,SPT-NEIGHBORHOOD-D091AE,Function,3,Source,30,True
CAT-NEIGHBORHOOD-INFRASTRUCTURE-402B02,Neighborhoods,SPT-NEIGHBORHOOD-D091AE,Infrastructure,3,Source,40,True
CAT-EARLY-CHILDHOOD--OCCUPANT-EXPERIENCE-AC03FF,Neighborhoods,SPT-EARLY-CHILDHOOD-NEIGHBORHOOD-A22ECD,Occupant Experience,3,Source,20,True
CAT-EARLY-CHILDHOOD--FUNCTION-9E5B04,Neighborhoods,SPT-EARLY-CHILDHOOD-NEIGHBORHOOD-A22ECD,Function,3,Source,30,True
CAT-EARLY-CHILDHOOD--INFRASTRUCTURE-759754,Neighborhoods,SPT-EARLY-CHILDHOOD-NEIGHBORHOOD-A22ECD,Infrastructure,3,Source,40,True
CAT-GROUP-ROOM-INFRASTRUCTURE-02BCD9,Neighborhoods,SPT-GROUP-ROOM-4362E2,Infrastructure,3,Source,20,True
CAT-GROUP-ROOM-AMENITIES-8C4639,Neighborhoods,SPT-GROUP-ROOM-4362E2,Amenities,3,Source,30,True
CAT-GROUP-ROOM-OCCUPANT-EXPERIENCE-AB6841,Neighborhoods,SPT-GROUP-ROOM-4362E2,Occupant Experience,3,Source,40,True
CAT-OPEN-COLLABORATI-AMENITIES-D85EBB,Neighborhoods,SPT-OPEN-COLLABORATION-0308C2,Amenities,3,Source,20,True
CAT-OPEN-COLLABORATI-INFRASTRUCTURE-422218,Neighborhoods,SPT-OPEN-COLLABORATION-0308C2,Infrastructure,3,Source,30,True
CAT-OPEN-COLLABORATI-OCCUPANT-EXPERIENCE-19A82F,Neighborhoods,SPT-OPEN-COLLABORATION-0308C2,Occupant Experience,3,Source,40,True
CAT-OPEN-COLLABORATI-FUNCTION-D1C2C5,Neighborhoods,SPT-OPEN-COLLABORATION-0308C2,Function,3,Source,50,True
CAT-CTE-STUDIO-FUNCTION-DC69FD,CTE,SPT-CTE-STUDIO-143933,Function,3,Source,20,True
CAT-CTE-STUDIO-INFRASTRUCTURE-027EE6,CTE,SPT-CTE-STUDIO-143933,Infrastructure,3,Source,30,True
CAT-CTE-STUDIO-OCCUPANT-EXPERIENCE-0CCAEB,CTE,SPT-CTE-STUDIO-143933,Occupant Experience,3,Source,40,True
CAT-CTE-STUDIO-AMENITIES-00DA8A,CTE,SPT-CTE-STUDIO-143933,Amenities,3,Source,50,True
CAT-LOW-INTENSITY-LA-FUNCTION-0A55FA,CTE,SPT-LOW-INTENSITY-LAB-05F8AF,Function,3,Source,20,True
CAT-LOW-INTENSITY-LA-INFRASTRUCTURE-C632E4,CTE,SPT-LOW-INTENSITY-LAB-05F8AF,Infrastructure,3,Source,30,True
CAT-LOW-INTENSITY-LA-OCCUPANT-EXPERIENCE-BD2519,CTE,SPT-LOW-INTENSITY-LAB-05F8AF,Occupant Experience,3,Source,40,True
CAT-LOW-INTENSITY-LA-AMENITIES-0674DE,CTE,SPT-LOW-INTENSITY-LAB-05F8AF,Amenities,3,Source,50,True
CAT-MEDIUM-INTENSITY-INFRASTRUCTURE-C34C5E,CTE,SPT-MEDIUM-INTENSITY-LAB-C658FD,Infrastructure,3,Source,20,True
CAT-MEDIUM-INTENSITY-FUNCTION-15C11C,CTE,SPT-MEDIUM-INTENSITY-LAB-C658FD,Function,3,Source,30,True
CAT-MEDIUM-INTENSITY-OCCUPANT-EXPERIENCE-1A7A4D,CTE,SPT-MEDIUM-INTENSITY-LAB-C658FD,Occupant Experience,3,Source,40,True
CAT-MEDIUM-INTENSITY-AMENITIES-2C66EB,CTE,SPT-MEDIUM-INTENSITY-LAB-C658FD,Amenities,3,Source,50,True
CAT-HIGH-INTENSITY-L-INFRASTRUCTURE-A50BC8,CTE,SPT-HIGH-INTENSITY-LAB-BF5D1A,Infrastructure,3,Source,20,True
CAT-HIGH-INTENSITY-L-FUNCTION-B22DC0,CTE,SPT-HIGH-INTENSITY-LAB-BF5D1A,Function,3,Source,30,True
CAT-HIGH-INTENSITY-L-OCCUPANT-EXPERIENCE-AD5095,CTE,SPT-HIGH-INTENSITY-LAB-BF5D1A,Occupant Experience,3,Source,40,True
CAT-HIGH-INTENSITY-L-AMENITIES-E33D08,CTE,SPT-HIGH-INTENSITY-LAB-BF5D1A,Amenities,3,Source,50,True
CAT-ART-STUDIO-FUNCTION-44AA25,Studios,SPT-ART-STUDIO-B083D5,Function,3,Source,20,True
CAT-ART-STUDIO-INFRASTRUCTURE-3BEDE8,Studios,SPT-ART-STUDIO-B083D5,Infrastructure,3,Source,30,True
CAT-ART-STUDIO-OCCUPANT-EXPERIENCE-4C3D88,Studios,SPT-ART-STUDIO-B083D5,Occupant Experience,3,Source,40,True
CAT-ART-STUDIO-AMENITIES-D145A8,Studios,SPT-ART-STUDIO-B083D5,Amenities,3,Source,50,True
CAT-2D-ART-STUDIO-FUNCTION-A11D58,Studios,SPT-2D-ART-STUDIO-4FF189,Function,3,Source,20,True
CAT-2D-ART-STUDIO-INFRASTRUCTURE-75A7BF,Studios,SPT-2D-ART-STUDIO-4FF189,Infrastructure,3,Source,30,True
CAT-2D-ART-STUDIO-OCCUPANT-EXPERIENCE-5D121D,Studios,SPT-2D-ART-STUDIO-4FF189,Occupant Experience,3,Source,40,True
CAT-2D-ART-STUDIO-AMENITIES-F7A0FF,Studios,SPT-2D-ART-STUDIO-4FF189,Amenities,3,Source,50,True
CAT-3D-ART-STUDIO-FUNCTION-4FEC1C,Studios,SPT-3D-ART-STUDIO-41C678,Function,3,Source,20,True
CAT-3D-ART-STUDIO-INFRASTRUCTURE-48AE6C,Studios,SPT-3D-ART-STUDIO-41C678,Infrastructure,3,Source,30,True
CAT-3D-ART-STUDIO-OCCUPANT-EXPERIENCE-AD2627,Studios,SPT-3D-ART-STUDIO-41C678,Occupant Experience,3,Source,40,True
CAT-3D-ART-STUDIO-AMENITIES-A71EC3,Studios,SPT-3D-ART-STUDIO-41C678,Amenities,3,Source,50,True
CAT-DIGITAL-ARTS-STU-FUNCTION-C1615C,Studios,SPT-DIGITAL-ARTS-STUDIO-9AC3E8,Function,3,Source,20,True
CAT-DIGITAL-ARTS-STU-INFRASTRUCTURE-7A5ED7,Studios,SPT-DIGITAL-ARTS-STUDIO-9AC3E8,Infrastructure,3,Source,30,True
CAT-DIGITAL-ARTS-STU-OCCUPANT-EXPERIENCE-F753B9,Studios,SPT-DIGITAL-ARTS-STUDIO-9AC3E8,Occupant Experience,3,Source,40,True
CAT-DIGITAL-ARTS-STU-AMENITIES-355564,Studios,SPT-DIGITAL-ARTS-STUDIO-9AC3E8,Amenities,3,Source,50,True
CAT-THEATER-ARTS-STU-INFRASTRUCTURE-81CF63,Performing Arts,SPT-THEATER-ARTS-STUDIO-66AF54,Infrastructure,3,Source,20,True
CAT-THEATER-ARTS-STU-OCCUPANT-EXPERIENCE-ACB208,Performing Arts,SPT-THEATER-ARTS-STUDIO-66AF54,Occupant Experience,3,Source,30,True
CAT-THEATER-ARTS-STU-AMENITIES-1C4291,Performing Arts,SPT-THEATER-ARTS-STUDIO-66AF54,Amenities,3,Source,40,True
CAT-THEATER-ARTS-STU-FUNCTION-2BEFAC,Performing Arts,SPT-THEATER-ARTS-STUDIO-66AF54,Function,3,Source,50,True
CAT-THEATER-ARTS-SUI-FUNCTION-70B6E5,Performing Arts,SPT-THEATER-ARTS-SUITE-E7A662,Function,3,Source,20,True
CAT-AUDITORIUM-FUNCTION-ACE937,Performing Arts,SPT-AUDITORIUM-A69CC4,Function,3,Source,20,True
CAT-AUDITORIUM-OCCUPANT-EXPERIENCE-B0044E,Performing Arts,SPT-AUDITORIUM-A69CC4,Occupant Experience,3,Source,30,True
CAT-AUDITORIUM-AMENITIES-6F10C2,Performing Arts,SPT-AUDITORIUM-A69CC4,Amenities,3,Source,40,True
CAT-BLACK-BOX-INFRASTRUCTURE-11B13F,Performing Arts,SPT-BLACK-BOX-AFA947,Infrastructure,3,Source,20,True
CAT-BLACK-BOX-AMENITIES-9367AF,Performing Arts,SPT-BLACK-BOX-AFA947,Amenities,3,Source,30,True
CAT-BLACK-BOX-OCCUPANT-EXPERIENCE-5258C5,Performing Arts,SPT-BLACK-BOX-AFA947,Occupant Experience,3,Source,40,True
CAT-BLACK-BOX-FUNCTION-3C3879,Performing Arts,SPT-BLACK-BOX-AFA947,Function,3,Source,50,True
CAT-DANCE-FUNCTION-83BF79,Performing Arts,SPT-DANCE-9926FD,Function,3,Source,20,True
CAT-DANCE-INFRASTRUCTURE-A19DAC,Performing Arts,SPT-DANCE-9926FD,Infrastructure,3,Source,30,True
CAT-DANCE-AMENITIES-5948FD,Performing Arts,SPT-DANCE-9926FD,Amenities,3,Source,40,True
CAT-DANCE-OCCUPANT-EXPERIENCE-DEE0F6,Performing Arts,SPT-DANCE-9926FD,Occupant Experience,3,Source,50,True
CAT-MUSIC-STUDIO-FUNCTION-C1B31A,Studios,SPT-MUSIC-STUDIO-7170B4,Function,3,Source,20,True
CAT-MUSIC-STUDIO-INFRASTRUCTURE-3395D7,Studios,SPT-MUSIC-STUDIO-7170B4,Infrastructure,3,Source,30,True
CAT-MUSIC-STUDIO-OCCUPANT-EXPERIENCE-E4A838,Studios,SPT-MUSIC-STUDIO-7170B4,Occupant Experience,3,Source,40,True
CAT-MUSIC-STUDIO-AMENITIES-667BF5,Studios,SPT-MUSIC-STUDIO-7170B4,Amenities,3,Source,50,True
CAT-MUSIC-SUITE-FUNCTION-2B29F5,Performing Arts,SPT-MUSIC-SUITE-96730D,Function,3,Source,20,True
CAT-MUSIC-SUITE-OCCUPANT-EXPERIENCE-4BD67F,Performing Arts,SPT-MUSIC-SUITE-96730D,Occupant Experience,3,Source,30,True
CAT-MUSIC-SUITE-AMENITIES-BB0D8C,Performing Arts,SPT-MUSIC-SUITE-96730D,Amenities,3,Source,40,True
CAT-REHEARSAL-HALL-FUNCTION-9CA527,Performing Arts,SPT-REHEARSAL-HALL-4608D6,Function,3,Source,20,True
CAT-REHEARSAL-HALL-OCCUPANT-EXPERIENCE-7D905D,Performing Arts,SPT-REHEARSAL-HALL-4608D6,Occupant Experience,3,Source,30,True
CAT-REHEARSAL-HALL-INFRASTRUCTURE-A7EFFB,Performing Arts,SPT-REHEARSAL-HALL-4608D6,Infrastructure,3,Source,40,True
CAT-REHEARSAL-HALL-AMENITIES-06BFD8,Performing Arts,SPT-REHEARSAL-HALL-4608D6,Amenities,3,Source,50,True
CAT-CAMPUS-GENERAL-CAMPUS-FA8878,Closeout,SPT-CAMPUS-8C248A,General Campus,3,Source,20,True
CAT-CAMPUS-FUNCTION-75A525,Closeout,SPT-CAMPUS-8C248A,Function,3,Source,30,True
CAT-OUTDOOR-ENTRY-INFRASTRUCTURE-6C148C,Closeout,SPT-OUTDOOR-ENTRY-481ED6,Infrastructure,3,Source,20,True
CAT-PARKING-LOT-INFRASTRUCTURE-BF50BC,Closeout,SPT-PARKING-LOT-E557D2,Infrastructure,3,Source,20,True
CAT-SITE-INFRASTRUCTURE-AA05A2,Closeout,SPT-SITE-5D8E29,Infrastructure,3,Source,20,True
