CategoryID,ScoreFocusArea,SpaceTypeID,CategoryName,CategoryWeight,ScoringMode,WeightSource,DisplayOrder,IsActive
CAT-TRADITIONAL-STUD-SIZE-E71680,Studios,SPT-TRADITIONAL-STUDIO-78A63C,Size,12,Scored,EqualWeight,10,True
CAT-TRADITIONAL-STUD-FUNCTION-9D5736,Studios,SPT-TRADITIONAL-STUDIO-78A63C,Function,12,Scored,EqualWeight,20,True
CAT-TRADITIONAL-STUD-INFRASTRUCTURE-5C68A2,Studios,SPT-TRADITIONAL-STUDIO-78A63C,Infrastructure,12,Scored,EqualWeight,30,True
CAT-TRADITIONAL-STUD-OCCUPANT-EXPERIENC-8F3F9A,Studios,SPT-TRADITIONAL-STUDIO-78A63C,Occupant Experience,12,Scored,EqualWeight,40,True
CAT-TRADITIONAL-STUD-AMENITIES-640FA7,Studios,SPT-TRADITIONAL-STUDIO-78A63C,Amenities,12,Scored,EqualWeight,50,True
CAT-TRADITIONAL-STUD-OBSERVATIONAL-788B45,Studios,SPT-TRADITIONAL-STUDIO-78A63C,Observational,0,RecordedOnly,EqualWeight_Unscored,60,True
CAT-OUTDOOR-SPACES-SIZE-60FEF0,Outdoor,SPT-OUTDOOR-SPACES-F4EC64,Size,12,Scored,EqualWeight,10,True
CAT-OUTDOOR-SPACES-FUNCTION-F68DD7,Outdoor,SPT-OUTDOOR-SPACES-F4EC64,Function,12,Scored,EqualWeight,20,True
CAT-OUTDOOR-SPACES-AMENITIES-58DDD6,Outdoor,SPT-OUTDOOR-SPACES-F4EC64,Amenities,12,Scored,EqualWeight,30,True
CAT-OUTDOOR-SPACES-OCCUPANT-EXPERIENC-FFD796,Outdoor,SPT-OUTDOOR-SPACES-F4EC64,Occupant Experience,12,Scored,EqualWeight,40,True
CAT-OUTDOOR-SPACES-INFRASTRUCTURE-422D97,Outdoor,SPT-OUTDOOR-SPACES-F4EC64,Infrastructure,12,Scored,EqualWeight,50,True
CAT-OUTDOOR-SPACES-OBSERVATIONAL-0606E3,Outdoor,SPT-OUTDOOR-SPACES-F4EC64,Observational,0,RecordedOnly,EqualWeight_Unscored,60,True
CAT-ADMIN-OFFICES-SIZE-9FA0E8,Administration,SPT-ADMIN-OFFICES-E04986,Size,12,Scored,EqualWeight,10,True
CAT-ADMIN-OFFICES-FUNCTION-F94372,Administration,SPT-ADMIN-OFFICES-E04986,Function,12,Scored,EqualWeight,20,True
CAT-ADMIN-OFFICES-INFRASTRUCTURE-70B9AF,Administration,SPT-ADMIN-OFFICES-E04986,Infrastructure,12,Scored,EqualWeight,30,True
CAT-ADMIN-OFFICES-OCCUPANT-EXPERIENC-820ECE,Administration,SPT-ADMIN-OFFICES-E04986,Occupant Experience,12,Scored,EqualWeight,40,True
CAT-ADMIN-OFFICES-AMENITIES-5E3B3A,Administration,SPT-ADMIN-OFFICES-E04986,Amenities,12,Scored,EqualWeight,50,True
CAT-COMMUNITY-PARTNE-SIZE-101F22,Administration,SPT-COMMUNITY-PARTNERS-SUITE-2B1B6F,Size,12,Scored,EqualWeight,10,True
CAT-COMMUNITY-PARTNE-FUNCTION-CAC5BD,Administration,SPT-COMMUNITY-PARTNERS-SUITE-2B1B6F,Function,12,Scored,EqualWeight,20,True
CAT-COMMUNITY-PARTNE-OCCUPANT-EXPERIENC-169A0B,Administration,SPT-COMMUNITY-PARTNERS-SUITE-2B1B6F,Occupant Experience,12,Scored,EqualWeight,30,True
CAT-COMMUNITY-PARTNE-AMENITIES-0CCD32,Administration,SPT-COMMUNITY-PARTNERS-SUITE-2B1B6F,Amenities,12,Scored,EqualWeight,40,True
CAT-COMMUNITY-PARTNE-INFRASTRUCTURE-848518,Administration,SPT-COMMUNITY-PARTNERS-SUITE-2B1B6F,Infrastructure,0,RecordedOnly,EqualWeight_Unscored,50,True
CAT-MW-AND-COUNSELIN-SIZE-87C491,Administration,SPT-MW-AND-COUNSELING-SUITE-3ACB29,Size,12,Scored,EqualWeight,10,True
CAT-MW-AND-COUNSELIN-FUNCTION-2DAC33,Administration,SPT-MW-AND-COUNSELING-SUITE-3ACB29,Function,12,Scored,EqualWeight,20,True
CAT-MW-AND-COUNSELIN-INFRASTRUCTURE-3C1C89,Administration,SPT-MW-AND-COUNSELING-SUITE-3ACB29,Infrastructure,12,Scored,EqualWeight,30,True
CAT-MW-AND-COUNSELIN-AMENITIES-42945E,Administration,SPT-MW-AND-COUNSELING-SUITE-3ACB29,Amenities,12,Scored,EqualWeight,40,True
CAT-MW-AND-COUNSELIN-OBSERVATIONAL-B67368,Administration,SPT-MW-AND-COUNSELING-SUITE-3ACB29,Observational,0,RecordedOnly,EqualWeight_Unscored,50,True
CAT-MW-AND-COUNSELIN-OCCUPANT-EXPERIENC-A844D1,Administration,SPT-MW-AND-COUNSELING-SUITE-3ACB29,Occupant Experience,12,Scored,EqualWeight,60,True
CAT-PROFESSIONAL-LEA-SIZE-8E1EB9,Administration,SPT-PROFESSIONAL-LEARNING-CEN-0ADBC4,Size,12,Scored,EqualWeight,10,True
CAT-PROFESSIONAL-LEA-FUNCTION-6F960D,Administration,SPT-PROFESSIONAL-LEARNING-CEN-0ADBC4,Function,12,Scored,EqualWeight,20,True
CAT-PROFESSIONAL-LEA-INFRASTRUCTURE-C0F0F6,Administration,SPT-PROFESSIONAL-LEARNING-CEN-0ADBC4,Infrastructure,12,Scored,EqualWeight,30,True
CAT-PROFESSIONAL-LEA-OCCUPANT-EXPERIENC-800EC1,Administration,SPT-PROFESSIONAL-LEARNING-CEN-0ADBC4,Occupant Experience,12,Scored,EqualWeight,40,True
CAT-PROFESSIONAL-LEA-AMENITIES-2E0C9E,Administration,SPT-PROFESSIONAL-LEARNING-CEN-0ADBC4,Amenities,12,Scored,EqualWeight,50,True
CAT-PROFESSIONAL-LEA-SIZE-AC989D,Administration,SPT-PROFESSIONAL-LEARNING-CEN-76C438,Size,12,Scored,EqualWeight,10,True
CAT-PROFESSIONAL-LEA-OBSERVATIONAL-736C0F,Administration,SPT-PROFESSIONAL-LEARNING-CEN-76C438,Observational,0,RecordedOnly,EqualWeight_Unscored,20,True
CAT-ENTRY-EXPERIENCE-SIZE-2E591C,Entry Experience,SPT-ENTRY-EXPERIENCE-38315E,Size,12,Scored,EqualWeight,10,True
CAT-ENTRY-EXPERIENCE-INFRASTRUCTURE-C10B90,Entry Experience,SPT-ENTRY-EXPERIENCE-38315E,Infrastructure,12,Scored,EqualWeight,20,True
CAT-ENTRY-EXPERIENCE-OCCUPANT-EXPERIENC-FA0C1D,Entry Experience,SPT-ENTRY-EXPERIENCE-38315E,Occupant Experience,12,Scored,EqualWeight,30,True
CAT-SCIENCE-SIZE-72AA27,Studios,SPT-SCIENCE-2593B2,Size,12,Scored,EqualWeight,10,True
CAT-SCIENCE-FUNCTION-C8A627,Studios,SPT-SCIENCE-2593B2,Function,12,Scored,EqualWeight,20,True
CAT-SCIENCE-INFRASTRUCTURE-A50DB7,Studios,SPT-SCIENCE-2593B2,Infrastructure,12,Scored,EqualWeight,30,True
CAT-SCIENCE-OCCUPANT-EXPERIENC-CD54A1,Studios,SPT-SCIENCE-2593B2,Occupant Experience,12,Scored,EqualWeight,40,True
CAT-SCIENCE-AMENITIES-30C28C,Studios,SPT-SCIENCE-2593B2,Amenities,12,Scored,EqualWeight,50,True
CAT-SCIENCE-LAB-SIZE-78F56E,Studios,SPT-SCIENCE-LAB-0CF368,Size,12,Scored,EqualWeight,10,True
CAT-SCIENCE-LAB-OBSERVATIONAL-3A1458,Studios,SPT-SCIENCE-LAB-0CF368,Observational,0,RecordedOnly,EqualWeight_Unscored,20,True
CAT-SCIENCE-PREP-ROO-SIZE-899FA4,Studios,SPT-SCIENCE-PREP-ROOM-C6879C,Size,12,Scored,EqualWeight,10,True
CAT-SCIENCE-PREP-ROO-FUNCTION-D23DB5,Studios,SPT-SCIENCE-PREP-ROOM-C6879C,Function,12,Scored,EqualWeight,20,True
CAT-SCIENCE-PREP-ROO-AMENITIES-E4239A,Studios,SPT-SCIENCE-PREP-ROOM-C6879C,Amenities,12,Scored,EqualWeight,30,True
CAT-SCIENCE-PREP-ROO-OCCUPANT-EXPERIENC-454FB4,Studios,SPT-SCIENCE-PREP-ROOM-C6879C,Occupant Experience,12,Scored,EqualWeight,40,True
CAT-SCIENCE-PREP-ROO-INFRASTRUCTURE-2BA939,Studios,SPT-SCIENCE-PREP-ROOM-C6879C,Infrastructure,12,Scored,EqualWeight,50,True
CAT-MAIN-ADMIN-SUITE-SIZE-3CE30C,Administration,SPT-MAIN-ADMIN-SUITE-7A49F7,Size,12,Scored,EqualWeight,10,True
CAT-MAIN-ADMIN-SUITE-OCCUPANT-EXPERIENC-BDC2FB,Administration,SPT-MAIN-ADMIN-SUITE-7A49F7,Occupant Experience,12,Scored,EqualWeight,20,True
CAT-MAIN-ADMIN-SUITE-FUNCTION-4C1374,Administration,SPT-MAIN-ADMIN-SUITE-7A49F7,Function,12,Scored,EqualWeight,30,True
CAT-MAIN-ADMIN-SUITE-AMENITIES-3DF897,Administration,SPT-MAIN-ADMIN-SUITE-7A49F7,Amenities,12,Scored,EqualWeight,40,True
CAT-MAIN-ADMIN-SUITE-INFRASTRUCTURE-41F679,Administration,SPT-MAIN-ADMIN-SUITE-7A49F7,Infrastructure,12,Scored,EqualWeight,50,True
CAT-EARLY-CHILDHOOD--SIZE-2A9660,Studios,SPT-EARLY-CHILDHOOD-STUDIO-49159F,Size,12,Scored,EqualWeight,10,True
CAT-EARLY-CHILDHOOD--FUNCTION-AAC7F0,Studios,SPT-EARLY-CHILDHOOD-STUDIO-49159F,Function,12,Scored,EqualWeight,20,True
CAT-EARLY-CHILDHOOD--INFRASTRUCTURE-D344B8,Studios,SPT-EARLY-CHILDHOOD-STUDIO-49159F,Infrastructure,12,Scored,EqualWeight,30,True
CAT-EARLY-CHILDHOOD--OCCUPANT-EXPERIENC-CDD579,Studios,SPT-EARLY-CHILDHOOD-STUDIO-49159F,Occupant Experience,12,Scored,EqualWeight,40,True
CAT-EARLY-CHILDHOOD--AMENITIES-660B5D,Studios,SPT-EARLY-CHILDHOOD-STUDIO-49159F,Amenities,12,Scored,EqualWeight,50,True
CAT-EARLY-CHILDHOOD--OBSERVATIONAL-857AF7,Studios,SPT-EARLY-CHILDHOOD-STUDIO-49159F,Observational,0,RecordedOnly,EqualWeight_Unscored,60,True
CAT-EARLY-CHILDHOOD--SIZE-11C981,Special Education,SPT-EARLY-CHILDHOOD-SPECIAL-E-0E3811,Size,12,Scored,EqualWeight,10,True
CAT-EARLY-CHILDHOOD--FUNCTION-7CA275,Special Education,SPT-EARLY-CHILDHOOD-SPECIAL-E-0E3811,Function,12,Scored,EqualWeight,20,True
CAT-EARLY-CHILDHOOD--INFRASTRUCTURE-563F10,Special Education,SPT-EARLY-CHILDHOOD-SPECIAL-E-0E3811,Infrastructure,12,Scored,EqualWeight,30,True
CAT-EARLY-CHILDHOOD--OCCUPANT-EXPERIENC-D6C864,Special Education,SPT-EARLY-CHILDHOOD-SPECIAL-E-0E3811,Occupant Experience,12,Scored,EqualWeight,40,True
CAT-EARLY-CHILDHOOD--AMENITIES-DFA778,Special Education,SPT-EARLY-CHILDHOOD-SPECIAL-E-0E3811,Amenities,12,Scored,EqualWeight,50,True
CAT-EARLY-CHILDHOOD--SIZE-F5AA0F,Special Education,SPT-EARLY-CHILDHOOD-SPECIAL-E-77C06E,Size,12,Scored,EqualWeight,10,True
CAT-EARLY-CHILDHOOD--OBSERVATIONAL-72495F,Special Education,SPT-EARLY-CHILDHOOD-SPECIAL-E-77C06E,Observational,0,RecordedOnly,EqualWeight_Unscored,20,True
CAT-MAKER-SPACE-SIZE-A2631E,Studios,SPT-MAKER-SPACE-57653D,Size,12,Scored,EqualWeight,10,True
CAT-MAKER-SPACE-FUNCTION-B02A23,Studios,SPT-MAKER-SPACE-57653D,Function,12,Scored,EqualWeight,20,True
CAT-MAKER-SPACE-INFRASTRUCTURE-BC734F,Studios,SPT-MAKER-SPACE-57653D,Infrastructure,12,Scored,EqualWeight,30,True
CAT-MAKER-SPACE-OCCUPANT-EXPERIENC-15ABA2,Studios,SPT-MAKER-SPACE-57653D,Occupant Experience,12,Scored,EqualWeight,40,True
CAT-MAKER-SPACE-AMENITIES-674FB8,Studios,SPT-MAKER-SPACE-57653D,Amenities,12,Scored,EqualWeight,50,True
CAT-MAKER-SPACE-OBSERVATIONAL-C2E279,Studios,SPT-MAKER-SPACE-57653D,Observational,0,RecordedOnly,EqualWeight_Unscored,60,True
CAT-SPECIAL-EDUCATIO-SIZE-A0F7E1,Special Education,SPT-SPECIAL-EDUCATION-SUITE-87FB39,Size,12,Scored,EqualWeight,10,True
CAT-SPECIAL-EDUCATIO-FUNCTION-121105,Special Education,SPT-SPECIAL-EDUCATION-SUITE-87FB39,Function,12,Scored,EqualWeight,20,True
CAT-SPECIAL-EDUCATIO-OCCUPANT-EXPERIENC-F8A138,Special Education,SPT-SPECIAL-EDUCATION-SUITE-87FB39,Occupant Experience,12,Scored,EqualWeight,30,True
CAT-SPECIAL-EDUCATIO-AMENITIES-98B47A,Special Education,SPT-SPECIAL-EDUCATION-SUITE-87FB39,Amenities,12,Scored,EqualWeight,40,True
CAT-SENSORY-MOTOR-LA-SIZE-FC32DD,Special Education,SPT-SENSORY-MOTOR-LAB-3CE0F0,Size,12,Scored,EqualWeight,10,True
CAT-SENSORY-MOTOR-LA-FUNCTION-450000,Special Education,SPT-SENSORY-MOTOR-LAB-3CE0F0,Function,12,Scored,EqualWeight,20,True
CAT-SENSORY-MOTOR-LA-INFRASTRUCTURE-D6E8FC,Special Education,SPT-SENSORY-MOTOR-LAB-3CE0F0,Infrastructure,12,Scored,EqualWeight,30,True
CAT-SENSORY-MOTOR-LA-OCCUPANT-EXPERIENC-804C02,Special Education,SPT-SENSORY-MOTOR-LAB-3CE0F0,Occupant Experience,12,Scored,EqualWeight,40,True
CAT-SENSORY-MOTOR-LA-AMENITIES-A06644,Special Education,SPT-SENSORY-MOTOR-LAB-3CE0F0,Amenities,12,Scored,EqualWeight,50,True
CAT-SENSORY-MOTOR-LA-SIZE-4759FE,Special Education,SPT-SENSORY-MOTOR-LAB-EB0A18,Size,12,Scored,EqualWeight,10,True
CAT-SENSORY-MOTOR-LA-OBSERVATIONAL-FDF25B,Special Education,SPT-SENSORY-MOTOR-LAB-EB0A18,Observational,0,RecordedOnly,EqualWeight_Unscored,20,True
CAT-LIFE-SKILLS-STUD-SIZE-BF1F48,Special Education,SPT-LIFE-SKILLS-STUDIO-923127,Size,12,Scored,EqualWeight,10,True
CAT-LIFE-SKILLS-STUD-FUNCTION-AFE64A,Special Education,SPT-LIFE-SKILLS-STUDIO-923127,Function,12,Scored,EqualWeight,20,True
CAT-LIFE-SKILLS-STUD-INFRASTRUCTURE-0E8C23,Special Education,SPT-LIFE-SKILLS-STUDIO-923127,Infrastructure,12,Scored,EqualWeight,30,True
CAT-LIFE-SKILLS-STUD-OCCUPANT-EXPERIENC-821598,Special Education,SPT-LIFE-SKILLS-STUDIO-923127,Occupant Experience,12,Scored,EqualWeight,40,True
CAT-LIFE-SKILLS-STUD-AMENITIES-406D9A,Special Education,SPT-LIFE-SKILLS-STUDIO-923127,Amenities,12,Scored,EqualWeight,50,True
CAT-VOCATIONAL-LAB-SIZE-A379BF,Special Education,SPT-VOCATIONAL-LAB-534CA6,Size,12,Scored,EqualWeight,10,True
CAT-VOCATIONAL-LAB-FUNCTION-8CF6F5,Special Education,SPT-VOCATIONAL-LAB-534CA6,Function,12,Scored,EqualWeight,20,True
CAT-VOCATIONAL-LAB-INFRASTRUCTURE-6D0F73,Special Education,SPT-VOCATIONAL-LAB-534CA6,Infrastructure,12,Scored,EqualWeight,30,True
CAT-VOCATIONAL-LAB-OCCUPANT-EXPERIENC-77F7A2,Special Education,SPT-VOCATIONAL-LAB-534CA6,Occupant Experience,12,Scored,EqualWeight,40,True
CAT-VOCATIONAL-LAB-AMENITIES-93289B,Special Education,SPT-VOCATIONAL-LAB-534CA6,Amenities,12,Scored,EqualWeight,50,True
CAT-VOCATIONAL-LAB-SIZE-3236D2,Special Education,SPT-VOCATIONAL-LAB-66AA8F,Size,12,Scored,EqualWeight,10,True
CAT-VOCATIONAL-LAB-OBSERVATIONAL-0A661B,Special Education,SPT-VOCATIONAL-LAB-66AA8F,Observational,0,RecordedOnly,EqualWeight_Unscored,20,True
CAT-SPED-FLEX-STUDIO-SIZE-9C57FD,Special Education,SPT-SPED-FLEX-STUDIO-8EBAD0,Size,12,Scored,EqualWeight,10,True
CAT-SPED-FLEX-STUDIO-FUNCTION-89F14E,Special Education,SPT-SPED-FLEX-STUDIO-8EBAD0,Function,12,Scored,EqualWeight,20,True
CAT-SPED-FLEX-STUDIO-INFRASTRUCTURE-AE1A1E,Special Education,SPT-SPED-FLEX-STUDIO-8EBAD0,Infrastructure,12,Scored,EqualWeight,30,True
CAT-SPED-FLEX-STUDIO-OCCUPANT-EXPERIENC-712E43,Special Education,SPT-SPED-FLEX-STUDIO-8EBAD0,Occupant Experience,12,Scored,EqualWeight,40,True
CAT-SPED-FLEX-STUDIO-AMENITIES-BAA830,Special Education,SPT-SPED-FLEX-STUDIO-8EBAD0,Amenities,12,Scored,EqualWeight,50,True
CAT-SPED-FLEX-SIZE-338119,Special Education,SPT-SPED-FLEX-B08CC4,Size,12,Scored,EqualWeight,10,True
CAT-SPED-FLEX-OBSERVATIONAL-E7A5A3,Special Education,SPT-SPED-FLEX-B08CC4,Observational,0,RecordedOnly,EqualWeight_Unscored,20,True
CAT-LIBRARY-MEDIA-CE-SIZE-3EA30A,Shared Spaces,SPT-LIBRARY-MEDIA-CENTER-951EE9,Size,12,Scored,EqualWeight,10,True
CAT-LIBRARY-MEDIA-CE-FUNCTION-04EAF5,Shared Spaces,SPT-LIBRARY-MEDIA-CENTER-951EE9,Function,12,Scored,EqualWeight,20,True
CAT-LIBRARY-MEDIA-CE-OCCUPANT-EXPERIENC-FAF43D,Shared Spaces,SPT-LIBRARY-MEDIA-CENTER-951EE9,Occupant Experience,12,Scored,EqualWeight,30,True
CAT-LIBRARY-MEDIA-CE-INFRASTRUCTURE-9EC5EC,Shared Spaces,SPT-LIBRARY-MEDIA-CENTER-951EE9,Infrastructure,12,Scored,EqualWeight,40,True
CAT-LIBRARY-MEDIA-CE-AMENITIES-B9B586,Shared Spaces,SPT-LIBRARY-MEDIA-CENTER-951EE9,Amenities,12,Scored,EqualWeight,50,True
CAT-LIBRARY-MEDIA-CE-OBSERVATIONAL-B07448,Shared Spaces,SPT-LIBRARY-MEDIA-CENTER-951EE9,Observational,0,RecordedOnly,EqualWeight_Unscored,60,True
CAT-COMPETITION-GYM-SIZE-C01001,Athletics and Wellness,SPT-COMPETITION-GYM-D05D49,Size,12,Scored,EqualWeight,10,True
CAT-COMPETITION-GYM-FUNCTION-7E8D10,Athletics and Wellness,SPT-COMPETITION-GYM-D05D49,Function,12,Scored,EqualWeight,20,True
CAT-COMPETITION-GYM-OCCUPANT-EXPERIENC-058D89,Athletics and Wellness,SPT-COMPETITION-GYM-D05D49,Occupant Experience,12,Scored,EqualWeight,30,True
CAT-COMPETITION-GYM-INFRASTRUCTURE-DA01FB,Athletics and Wellness,SPT-COMPETITION-GYM-D05D49,Infrastructure,12,Scored,EqualWeight,40,True
CAT-COMPETITION-GYM-AMENITIES-9ED9A4,Athletics and Wellness,SPT-COMPETITION-GYM-D05D49,Amenities,12,Scored,EqualWeight,50,True
CAT-COMPETITION-GYM-OBSERVATIONAL-704A6B,Athletics and Wellness,SPT-COMPETITION-GYM-D05D49,Observational,0,RecordedOnly,EqualWeight_Unscored,60,True
CAT-MULTIPURPOSE-GYM-SIZE-D6A2A4,Athletics and Wellness,SPT-MULTIPURPOSE-GYM-99D091,Size,12,Scored,EqualWeight,10,True
CAT-MULTIPURPOSE-GYM-FUNCTION-A7279A,Athletics and Wellness,SPT-MULTIPURPOSE-GYM-99D091,Function,12,Scored,EqualWeight,20,True
CAT-MULTIPURPOSE-GYM-OCCUPANT-EXPERIENC-BB9BF7,Athletics and Wellness,SPT-MULTIPURPOSE-GYM-99D091,Occupant Experience,12,Scored,EqualWeight,30,True
CAT-MULTIPURPOSE-GYM-INFRASTRUCTURE-56C527,Athletics and Wellness,SPT-MULTIPURPOSE-GYM-99D091,Infrastructure,12,Scored,EqualWeight,40,True
CAT-MULTIPURPOSE-GYM-AMENITIES-F07504,Athletics and Wellness,SPT-MULTIPURPOSE-GYM-99D091,Amenities,12,Scored,EqualWeight,50,True
CAT-MULTIPURPOSE-GYM-OBSERVATIONAL-6E97CE,Athletics and Wellness,SPT-MULTIPURPOSE-GYM-99D091,Observational,0,RecordedOnly,EqualWeight_Unscored,60,True
CAT-PRACTICE-GYM-SIZE-937F6B,Athletics and Wellness,SPT-PRACTICE-GYM-8CB861,Size,12,Scored,EqualWeight,10,True
CAT-PRACTICE-GYM-FUNCTION-DA1C9B,Athletics and Wellness,SPT-PRACTICE-GYM-8CB861,Function,12,Scored,EqualWeight,20,True
CAT-PRACTICE-GYM-OCCUPANT-EXPERIENC-72A2F8,Athletics and Wellness,SPT-PRACTICE-GYM-8CB861,Occupant Experience,12,Scored,EqualWeight,30,True
CAT-PRACTICE-GYM-INFRASTRUCTURE-46F01A,Athletics and Wellness,SPT-PRACTICE-GYM-8CB861,Infrastructure,12,Scored,EqualWeight,40,True
CAT-PRACTICE-GYM-AMENITIES-F01D2D,Athletics and Wellness,SPT-PRACTICE-GYM-8CB861,Amenities,12,Scored,EqualWeight,50,True
CAT-ES-GYMNASIUM-SIZE-04FC65,Shared Spaces,SPT-ES-GYMNASIUM-BE0D5E,Size,12,Scored,EqualWeight,10,True
CAT-ES-GYMNASIUM-OCCUPANT-EXPERIENC-432605,Shared Spaces,SPT-ES-GYMNASIUM-BE0D5E,Occupant Experience,12,Scored,EqualWeight,20,True
CAT-ES-GYMNASIUM-AMENITIES-35A8E9,Shared Spaces,SPT-ES-GYMNASIUM-BE0D5E,Amenities,12,Scored,EqualWeight,30,True
CAT-ES-GYMNASIUM-INFRASTRUCTURE-9A92E5,Shared Spaces,SPT-ES-GYMNASIUM-BE0D5E,Infrastructure,12,Scored,EqualWeight,40,True
CAT-ES-GYMNASIUM-FUNCTION-11FD08,Shared Spaces,SPT-ES-GYMNASIUM-BE0D5E,Function,12,Scored,EqualWeight,50,True
CAT-WEIGHT-ROOM-SIZE-3489CC,Athletics and Wellness,SPT-WEIGHT-ROOM-9E9F80,Size,12,Scored,EqualWeight,10,True
CAT-WEIGHT-ROOM-FUNCTION-55F532,Athletics and Wellness,SPT-WEIGHT-ROOM-9E9F80,Function,12,Scored,EqualWeight,20,True
CAT-WEIGHT-ROOM-AMENITIES-5C97E5,Athletics and Wellness,SPT-WEIGHT-ROOM-9E9F80,Amenities,12,Scored,EqualWeight,30,True
CAT-WEIGHT-ROOM-OCCUPANT-EXPERIENC-F78862,Athletics and Wellness,SPT-WEIGHT-ROOM-9E9F80,Occupant Experience,12,Scored,EqualWeight,40,True
CAT-WEIGHT-ROOM-INFRASTRUCTURE-E9A8D6,Athletics and Wellness,SPT-WEIGHT-ROOM-9E9F80,Infrastructure,12,Scored,EqualWeight,50,True
CAT-WRESTLING-SIZE-434976,Athletics and Wellness,SPT-WRESTLING-A78FB6,Size,12,Scored,EqualWeight,10,True
CAT-WRESTLING-FUNCTION-27DCEC,Athletics and Wellness,SPT-WRESTLING-A78FB6,Function,12,Scored,EqualWeight,20,True
CAT-WRESTLING-AMENITIES-A5EEF1,Athletics and Wellness,SPT-WRESTLING-A78FB6,Amenities,12,Scored,EqualWeight,30,True
CAT-WRESTLING-OCCUPANT-EXPERIENC-7C2530,Athletics and Wellness,SPT-WRESTLING-A78FB6,Occupant Experience,12,Scored,EqualWeight,40,True
CAT-WRESTLING-INFRASTRUCTURE-BE3E2A,Athletics and Wellness,SPT-WRESTLING-A78FB6,Infrastructure,12,Scored,EqualWeight,50,True
CAT-LOCKER-ROOMS-SIZE-20B115,Athletics and Wellness,SPT-LOCKER-ROOMS-5ED7DB,Size,12,Scored,EqualWeight,10,True
CAT-LOCKER-ROOMS-FUNCTION-F3A348,Athletics and Wellness,SPT-LOCKER-ROOMS-5ED7DB,Function,12,Scored,EqualWeight,20,True
CAT-LOCKER-ROOMS-OCCUPANT-EXPERIENC-D9024C,Athletics and Wellness,SPT-LOCKER-ROOMS-5ED7DB,Occupant Experience,12,Scored,EqualWeight,30,True
CAT-LOCKER-ROOMS-INFRASTRUCTURE-567374,Athletics and Wellness,SPT-LOCKER-ROOMS-5ED7DB,Infrastructure,12,Scored,EqualWeight,40,True
CAT-PE-FITNESS-ROOM-SIZE-6D1744,Athletics and Wellness,SPT-PE-FITNESS-ROOM-F9EFD1,Size,12,Scored,EqualWeight,10,True
CAT-PE-FITNESS-ROOM-FUNCTION-9247CE,Athletics and Wellness,SPT-PE-FITNESS-ROOM-F9EFD1,Function,12,Scored,EqualWeight,20,True
CAT-PE-FITNESS-ROOM-AMENITIES-146AEA,Athletics and Wellness,SPT-PE-FITNESS-ROOM-F9EFD1,Amenities,12,Scored,EqualWeight,30,True
CAT-PE-FITNESS-ROOM-INFRASTRUCTURE-E77F86,Athletics and Wellness,SPT-PE-FITNESS-ROOM-F9EFD1,Infrastructure,12,Scored,EqualWeight,40,True
CAT-ATHLETICS-WING-SIZE-C453B7,Athletics and Wellness,SPT-ATHLETICS-WING-31743B,Size,12,Scored,EqualWeight,10,True
CAT-ATHLETICS-WING-FUNCTION-14FFDA,Athletics and Wellness,SPT-ATHLETICS-WING-31743B,Function,12,Scored,EqualWeight,20,True
CAT-ATHLETICS-WING-AMENITIES-5797E7,Athletics and Wellness,SPT-ATHLETICS-WING-31743B,Amenities,12,Scored,EqualWeight,30,True
CAT-OUTDOOR-ATHLETIC-SIZE-9CE0E2,Athletics and Wellness,SPT-OUTDOOR-ATHLETICS-DEC8BC,Size,12,Scored,EqualWeight,10,True
CAT-OUTDOOR-ATHLETIC-FUNCTION-A63ABB,Athletics and Wellness,SPT-OUTDOOR-ATHLETICS-DEC8BC,Function,12,Scored,EqualWeight,20,True
CAT-OUTDOOR-ATHLETIC-INFRASTRUCTURE-74D333,Athletics and Wellness,SPT-OUTDOOR-ATHLETICS-DEC8BC,Infrastructure,12,Scored,EqualWeight,30,True
CAT-OUTDOOR-ATHLETIC-AMENITIES-47CB0A,Athletics and Wellness,SPT-OUTDOOR-ATHLETICS-DEC8BC,Amenities,12,Scored,EqualWeight,40,True
CAT-DINING-COMMONS-SIZE-987565,Shared Spaces,SPT-DINING-COMMONS-B2FE05,Size,12,Scored,EqualWeight,10,True
CAT-DINING-COMMONS-OCCUPANT-EXPERIENC-564FEC,Shared Spaces,SPT-DINING-COMMONS-B2FE05,Occupant Experience,12,Scored,EqualWeight,20,True
CAT-DINING-COMMONS-INFRASTRUCTURE-3C5972,Shared Spaces,SPT-DINING-COMMONS-B2FE05,Infrastructure,12,Scored,EqualWeight,30,True
CAT-DINING-COMMONS-FUNCTION-A797AA,Shared Spaces,SPT-DINING-COMMONS-B2FE05,Function,12,Scored,EqualWeight,40,True
CAT-DINING-COMMONS-AMENITIES-980C40,Shared Spaces,SPT-DINING-COMMONS-B2FE05,Amenities,12,Scored,EqualWeight,50,True
CAT-DINING-COMMONS-OBSERVATIONAL-E3F748,Shared Spaces,SPT-DINING-COMMONS-B2FE05,Observational,0,RecordedOnly,EqualWeight_Unscored,60,True
CAT-KITCHEN-SIZE-8A51B0,Shared Spaces,SPT-KITCHEN-B9C465,Size,12,Scored,EqualWeight,10,True
CAT-KITCHEN-FUNCTION-0374BD,Shared Spaces,SPT-KITCHEN-B9C465,Function,12,Scored,EqualWeight,20,True
CAT-KITCHEN-INFRASTRUCTURE-4E6180,Shared Spaces,SPT-KITCHEN-B9C465,Infrastructure,12,Scored,EqualWeight,30,True
CAT-EMPOWER-CENTER-SIZE-806973,Empower Center,SPT-EMPOWER-CENTER-B88577,Size,12,Scored,EqualWeight,10,True
CAT-EMPOWER-CENTER-FUNCTION-E63654,Empower Center,SPT-EMPOWER-CENTER-B88577,Function,12,Scored,EqualWeight,20,True
CAT-EMPOWER-CENTER-INFRASTRUCTURE-60A8C5,Empower Center,SPT-EMPOWER-CENTER-B88577,Infrastructure,12,Scored,EqualWeight,30,True
CAT-EMPOWER-CENTER-OCCUPANT-EXPERIENC-FC3C38,Empower Center,SPT-EMPOWER-CENTER-B88577,Occupant Experience,12,Scored,EqualWeight,40,True
CAT-EMPOWER-CENTER-AMENITIES-97A1E7,Empower Center,SPT-EMPOWER-CENTER-B88577,Amenities,12,Scored,EqualWeight,50,True
CAT-NEIGHBORHOOD-SIZE-AC9C8B,Neighborhoods,SPT-NEIGHBORHOOD-D091AE,Size,12,Scored,EqualWeight,10,True
CAT-NEIGHBORHOOD-OCCUPANT-EXPERIENC-E11790,Neighborhoods,SPT-NEIGHBORHOOD-D091AE,Occupant Experience,12,Scored,EqualWeight,20,True
CAT-NEIGHBORHOOD-FUNCTION-1E098F,Neighborhoods,SPT-NEIGHBORHOOD-D091AE,Function,12,Scored,EqualWeight,30,True
CAT-NEIGHBORHOOD-INFRASTRUCTURE-E429BE,Neighborhoods,SPT-NEIGHBORHOOD-D091AE,Infrastructure,12,Scored,EqualWeight,40,True
CAT-NEIGHBORHOOD-OBSERVATIONAL-86CC14,Neighborhoods,SPT-NEIGHBORHOOD-D091AE,Observational,0,RecordedOnly,EqualWeight_Unscored,50,True
CAT-EARLY-CHILDHOOD--SIZE-583748,Neighborhoods,SPT-EARLY-CHILDHOOD-NEIGHBORH-A22ECD,Size,12,Scored,EqualWeight,10,True
CAT-EARLY-CHILDHOOD--OCCUPANT-EXPERIENC-676E2B,Neighborhoods,SPT-EARLY-CHILDHOOD-NEIGHBORH-A22ECD,Occupant Experience,12,Scored,EqualWeight,20,True
CAT-EARLY-CHILDHOOD--FUNCTION-F29323,Neighborhoods,SPT-EARLY-CHILDHOOD-NEIGHBORH-A22ECD,Function,12,Scored,EqualWeight,30,True
CAT-EARLY-CHILDHOOD--INFRASTRUCTURE-728E1F,Neighborhoods,SPT-EARLY-CHILDHOOD-NEIGHBORH-A22ECD,Infrastructure,12,Scored,EqualWeight,40,True
CAT-GROUP-ROOM-SIZE-7454FF,Neighborhoods,SPT-GROUP-ROOM-4362E2,Size,12,Scored,EqualWeight,10,True
CAT-GROUP-ROOM-INFRASTRUCTURE-0F200D,Neighborhoods,SPT-GROUP-ROOM-4362E2,Infrastructure,12,Scored,EqualWeight,20,True
CAT-GROUP-ROOM-AMENITIES-A20127,Neighborhoods,SPT-GROUP-ROOM-4362E2,Amenities,12,Scored,EqualWeight,30,True
CAT-GROUP-ROOM-OCCUPANT-EXPERIENC-97A6BC,Neighborhoods,SPT-GROUP-ROOM-4362E2,Occupant Experience,12,Scored,EqualWeight,40,True
CAT-GROUP-ROOM-OBSERVATIONAL-F98329,Neighborhoods,SPT-GROUP-ROOM-4362E2,Observational,0,RecordedOnly,EqualWeight_Unscored,50,True
CAT-OPEN-COLLABORATI-SIZE-2DB1EC,Neighborhoods,SPT-OPEN-COLLABORATION-0308C2,Size,12,Scored,EqualWeight,10,True
CAT-OPEN-COLLABORATI-AMENITIES-8C89B3,Neighborhoods,SPT-OPEN-COLLABORATION-0308C2,Amenities,12,Scored,EqualWeight,20,True
CAT-OPEN-COLLABORATI-INFRASTRUCTURE-320BD5,Neighborhoods,SPT-OPEN-COLLABORATION-0308C2,Infrastructure,12,Scored,EqualWeight,30,True
CAT-OPEN-COLLABORATI-OCCUPANT-EXPERIENC-C9CF31,Neighborhoods,SPT-OPEN-COLLABORATION-0308C2,Occupant Experience,12,Scored,EqualWeight,40,True
CAT-OPEN-COLLABORATI-FUNCTION-D6A811,Neighborhoods,SPT-OPEN-COLLABORATION-0308C2,Function,12,Scored,EqualWeight,50,True
CAT-OPEN-COLLABORATI-OBSERVATIONAL-AC4454,Neighborhoods,SPT-OPEN-COLLABORATION-0308C2,Observational,0,RecordedOnly,EqualWeight_Unscored,60,True
CAT-CTE-STUDIO-SIZE-8D8E6D,CTE,SPT-CTE-STUDIO-143933,Size,12,Scored,EqualWeight,10,True
CAT-CTE-STUDIO-FUNCTION-92C9F4,CTE,SPT-CTE-STUDIO-143933,Function,12,Scored,EqualWeight,20,True
CAT-CTE-STUDIO-INFRASTRUCTURE-DB61F1,CTE,SPT-CTE-STUDIO-143933,Infrastructure,12,Scored,EqualWeight,30,True
CAT-CTE-STUDIO-OCCUPANT-EXPERIENC-8F9903,CTE,SPT-CTE-STUDIO-143933,Occupant Experience,12,Scored,EqualWeight,40,True
CAT-CTE-STUDIO-AMENITIES-CD7E20,CTE,SPT-CTE-STUDIO-143933,Amenities,12,Scored,EqualWeight,50,True
CAT-CTE-STUDIO-OBSERVATIONAL-1414FC,CTE,SPT-CTE-STUDIO-143933,Observational,0,RecordedOnly,EqualWeight_Unscored,60,True
CAT-LOW-INTENSITY-LA-SIZE-B493A2,CTE,SPT-LOW-INTENSITY-LAB-05F8AF,Size,12,Scored,EqualWeight,10,True
CAT-LOW-INTENSITY-LA-FUNCTION-24EAE4,CTE,SPT-LOW-INTENSITY-LAB-05F8AF,Function,12,Scored,EqualWeight,20,True
CAT-LOW-INTENSITY-LA-INFRASTRUCTURE-C80E3D,CTE,SPT-LOW-INTENSITY-LAB-05F8AF,Infrastructure,12,Scored,EqualWeight,30,True
CAT-LOW-INTENSITY-LA-OCCUPANT-EXPERIENC-4F8688,CTE,SPT-LOW-INTENSITY-LAB-05F8AF,Occupant Experience,12,Scored,EqualWeight,40,True
CAT-LOW-INTENSITY-LA-AMENITIES-C75B6A,CTE,SPT-LOW-INTENSITY-LAB-05F8AF,Amenities,12,Scored,EqualWeight,50,True
CAT-LOW-INTENSITY-LA-OBSERVATIONAL-7203F0,CTE,SPT-LOW-INTENSITY-LAB-05F8AF,Observational,0,RecordedOnly,EqualWeight_Unscored,60,True
CAT-MEDIUM-INTENSITY-SIZE-787113,CTE,SPT-MEDIUM-INTENSITY-LAB-C658FD,Size,12,Scored,EqualWeight,10,True
CAT-MEDIUM-INTENSITY-INFRASTRUCTURE-3FFB3F,CTE,SPT-MEDIUM-INTENSITY-LAB-C658FD,Infrastructure,12,Scored,EqualWeight,20,True
CAT-MEDIUM-INTENSITY-FUNCTION-9418F3,CTE,SPT-MEDIUM-INTENSITY-LAB-C658FD,Function,12,Scored,EqualWeight,30,True
CAT-MEDIUM-INTENSITY-OCCUPANT-EXPERIENC-062FA6,CTE,SPT-MEDIUM-INTENSITY-LAB-C658FD,Occupant Experience,12,Scored,EqualWeight,40,True
CAT-MEDIUM-INTENSITY-AMENITIES-3BF5F7,CTE,SPT-MEDIUM-INTENSITY-LAB-C658FD,Amenities,12,Scored,EqualWeight,50,True
CAT-MEDIUM-INTENSITY-OBSERVATIONAL-6EFFAA,CTE,SPT-MEDIUM-INTENSITY-LAB-C658FD,Observational,0,RecordedOnly,EqualWeight_Unscored,60,True
CAT-HIGH-INTENSITY-L-SIZE-CC1EF3,CTE,SPT-HIGH-INTENSITY-LAB-BF5D1A,Size,12,Scored,EqualWeight,10,True
CAT-HIGH-INTENSITY-L-INFRASTRUCTURE-46C429,CTE,SPT-HIGH-INTENSITY-LAB-BF5D1A,Infrastructure,12,Scored,EqualWeight,20,True
CAT-HIGH-INTENSITY-L-FUNCTION-62E92E,CTE,SPT-HIGH-INTENSITY-LAB-BF5D1A,Function,12,Scored,EqualWeight,30,True
CAT-HIGH-INTENSITY-L-OCCUPANT-EXPERIENC-4BD768,CTE,SPT-HIGH-INTENSITY-LAB-BF5D1A,Occupant Experience,12,Scored,EqualWeight,40,True
CAT-HIGH-INTENSITY-L-AMENITIES-155229,CTE,SPT-HIGH-INTENSITY-LAB-BF5D1A,Amenities,12,Scored,EqualWeight,50,True
CAT-HIGH-INTENSITY-L-OBSERVATIONAL-8923C9,CTE,SPT-HIGH-INTENSITY-LAB-BF5D1A,Observational,0,RecordedOnly,EqualWeight_Unscored,60,True
CAT-ART-STUDIO-SIZE-83801F,Studios,SPT-ART-STUDIO-B083D5,Size,12,Scored,EqualWeight,10,True
CAT-ART-STUDIO-FUNCTION-C8A2B6,Studios,SPT-ART-STUDIO-B083D5,Function,12,Scored,EqualWeight,20,True
CAT-ART-STUDIO-INFRASTRUCTURE-5A750F,Studios,SPT-ART-STUDIO-B083D5,Infrastructure,12,Scored,EqualWeight,30,True
CAT-ART-STUDIO-OCCUPANT-EXPERIENC-AE3FC8,Studios,SPT-ART-STUDIO-B083D5,Occupant Experience,12,Scored,EqualWeight,40,True
CAT-ART-STUDIO-AMENITIES-EB70EC,Studios,SPT-ART-STUDIO-B083D5,Amenities,12,Scored,EqualWeight,50,True
CAT-ART-STUDIO-OBSERVATIONAL-9FA052,Studios,SPT-ART-STUDIO-B083D5,Observational,0,RecordedOnly,EqualWeight_Unscored,60,True
CAT-2D-ART-STUDIO-SIZE-F3E266,Studios,SPT-2D-ART-STUDIO-4FF189,Size,12,Scored,EqualWeight,10,True
CAT-2D-ART-STUDIO-FUNCTION-850ED6,Studios,SPT-2D-ART-STUDIO-4FF189,Function,12,Scored,EqualWeight,20,True
CAT-2D-ART-STUDIO-INFRASTRUCTURE-3B402F,Studios,SPT-2D-ART-STUDIO-4FF189,Infrastructure,12,Scored,EqualWeight,30,True
CAT-2D-ART-STUDIO-OCCUPANT-EXPERIENC-9428DD,Studios,SPT-2D-ART-STUDIO-4FF189,Occupant Experience,12,Scored,EqualWeight,40,True
CAT-2D-ART-STUDIO-AMENITIES-93B1AF,Studios,SPT-2D-ART-STUDIO-4FF189,Amenities,12,Scored,EqualWeight,50,True
CAT-2D-ART-STUDIO-OBSERVATIONAL-07CE3F,Studios,SPT-2D-ART-STUDIO-4FF189,Observational,0,RecordedOnly,EqualWeight_Unscored,60,True
CAT-3D-ART-STUDIO-SIZE-21C04D,Studios,SPT-3D-ART-STUDIO-41C678,Size,12,Scored,EqualWeight,10,True
CAT-3D-ART-STUDIO-FUNCTION-601C9A,Studios,SPT-3D-ART-STUDIO-41C678,Function,12,Scored,EqualWeight,20,True
CAT-3D-ART-STUDIO-INFRASTRUCTURE-8BE67F,Studios,SPT-3D-ART-STUDIO-41C678,Infrastructure,12,Scored,EqualWeight,30,True
CAT-3D-ART-STUDIO-OCCUPANT-EXPERIENC-D3D8F4,Studios,SPT-3D-ART-STUDIO-41C678,Occupant Experience,12,Scored,EqualWeight,40,True
CAT-3D-ART-STUDIO-AMENITIES-CD31ED,Studios,SPT-3D-ART-STUDIO-41C678,Amenities,12,Scored,EqualWeight,50,True
CAT-DIGITAL-ARTS-STU-SIZE-DE0C32,Studios,SPT-DIGITAL-ARTS-STUDIO-9AC3E8,Size,12,Scored,EqualWeight,10,True
CAT-DIGITAL-ARTS-STU-FUNCTION-5B3E8E,Studios,SPT-DIGITAL-ARTS-STUDIO-9AC3E8,Function,12,Scored,EqualWeight,20,True
CAT-DIGITAL-ARTS-STU-INFRASTRUCTURE-3ACD00,Studios,SPT-DIGITAL-ARTS-STUDIO-9AC3E8,Infrastructure,12,Scored,EqualWeight,30,True
CAT-DIGITAL-ARTS-STU-OCCUPANT-EXPERIENC-84C05E,Studios,SPT-DIGITAL-ARTS-STUDIO-9AC3E8,Occupant Experience,12,Scored,EqualWeight,40,True
CAT-DIGITAL-ARTS-STU-AMENITIES-92D6C3,Studios,SPT-DIGITAL-ARTS-STUDIO-9AC3E8,Amenities,12,Scored,EqualWeight,50,True
CAT-THEATER-ARTS-STU-SIZE-888FAF,Performing Arts,SPT-THEATER-ARTS-STUDIO-66AF54,Size,12,Scored,EqualWeight,10,True
CAT-THEATER-ARTS-STU-INFRASTRUCTURE-3E22A2,Performing Arts,SPT-THEATER-ARTS-STUDIO-66AF54,Infrastructure,12,Scored,EqualWeight,20,True
CAT-THEATER-ARTS-STU-OCCUPANT-EXPERIENC-17F3EA,Performing Arts,SPT-THEATER-ARTS-STUDIO-66AF54,Occupant Experience,12,Scored,EqualWeight,30,True
CAT-THEATER-ARTS-STU-AMENITIES-AD84D4,Performing Arts,SPT-THEATER-ARTS-STUDIO-66AF54,Amenities,12,Scored,EqualWeight,40,True
CAT-THEATER-ARTS-STU-FUNCTION-5CDC61,Performing Arts,SPT-THEATER-ARTS-STUDIO-66AF54,Function,12,Scored,EqualWeight,50,True
CAT-THEATER-ARTS-STU-OBSERVATIONAL-EC2C79,Performing Arts,SPT-THEATER-ARTS-STUDIO-66AF54,Observational,0,RecordedOnly,EqualWeight_Unscored,60,True
CAT-THEATER-ARTS-SUI-SIZE-6769FF,Performing Arts,SPT-THEATER-ARTS-SUITE-E7A662,Size,12,Scored,EqualWeight,10,True
CAT-THEATER-ARTS-SUI-FUNCTION-87D48D,Performing Arts,SPT-THEATER-ARTS-SUITE-E7A662,Function,12,Scored,EqualWeight,20,True
CAT-AUDITORIUM-SIZE-7C85B6,Performing Arts,SPT-AUDITORIUM-A69CC4,Size,12,Scored,EqualWeight,10,True
CAT-AUDITORIUM-FUNCTION-4746ED,Performing Arts,SPT-AUDITORIUM-A69CC4,Function,12,Scored,EqualWeight,20,True
CAT-AUDITORIUM-OCCUPANT-EXPERIENC-742766,Performing Arts,SPT-AUDITORIUM-A69CC4,Occupant Experience,12,Scored,EqualWeight,30,True
CAT-AUDITORIUM-AMENITIES-0FD65B,Performing Arts,SPT-AUDITORIUM-A69CC4,Amenities,12,Scored,EqualWeight,40,True
CAT-AUDITORIUM-OBSERVATIONAL-44B90B,Performing Arts,SPT-AUDITORIUM-A69CC4,Observational,0,RecordedOnly,EqualWeight_Unscored,50,True
CAT-BLACK-BOX-SIZE-478E9F,Performing Arts,SPT-BLACK-BOX-AFA947,Size,12,Scored,EqualWeight,10,True
CAT-BLACK-BOX-INFRASTRUCTURE-5710A2,Performing Arts,SPT-BLACK-BOX-AFA947,Infrastructure,12,Scored,EqualWeight,20,True
CAT-BLACK-BOX-AMENITIES-3335C7,Performing Arts,SPT-BLACK-BOX-AFA947,Amenities,12,Scored,EqualWeight,30,True
CAT-BLACK-BOX-OCCUPANT-EXPERIENC-AC67B0,Performing Arts,SPT-BLACK-BOX-AFA947,Occupant Experience,12,Scored,EqualWeight,40,True
CAT-BLACK-BOX-FUNCTION-5BDC5C,Performing Arts,SPT-BLACK-BOX-AFA947,Function,12,Scored,EqualWeight,50,True
CAT-BLACK-BOX-OBSERVATIONAL-AAB33B,Performing Arts,SPT-BLACK-BOX-AFA947,Observational,0,RecordedOnly,EqualWeight_Unscored,60,True
CAT-DANCE-SIZE-ADEDD1,Performing Arts,SPT-DANCE-9926FD,Size,12,Scored,EqualWeight,10,True
CAT-DANCE-FUNCTION-4A8551,Performing Arts,SPT-DANCE-9926FD,Function,12,Scored,EqualWeight,20,True
CAT-DANCE-INFRASTRUCTURE-C5A48B,Performing Arts,SPT-DANCE-9926FD,Infrastructure,12,Scored,EqualWeight,30,True
CAT-DANCE-AMENITIES-AD48B5,Performing Arts,SPT-DANCE-9926FD,Amenities,12,Scored,EqualWeight,40,True
CAT-DANCE-OCCUPANT-EXPERIENC-EA151A,Performing Arts,SPT-DANCE-9926FD,Occupant Experience,12,Scored,EqualWeight,50,True
CAT-DANCE-OBSERVATIONAL-0F84B8,Performing Arts,SPT-DANCE-9926FD,Observational,0,RecordedOnly,EqualWeight_Unscored,60,True
CAT-MUSIC-STUDIO-SIZE-DF918E,Studios,SPT-MUSIC-STUDIO-7170B4,Size,12,Scored,EqualWeight,10,True
CAT-MUSIC-STUDIO-FUNCTION-BAF786,Studios,SPT-MUSIC-STUDIO-7170B4,Function,12,Scored,EqualWeight,20,True
CAT-MUSIC-STUDIO-INFRASTRUCTURE-241A8B,Studios,SPT-MUSIC-STUDIO-7170B4,Infrastructure,12,Scored,EqualWeight,30,True
CAT-MUSIC-STUDIO-OCCUPANT-EXPERIENC-F39AA2,Studios,SPT-MUSIC-STUDIO-7170B4,Occupant Experience,12,Scored,EqualWeight,40,True
CAT-MUSIC-STUDIO-AMENITIES-338CCC,Studios,SPT-MUSIC-STUDIO-7170B4,Amenities,12,Scored,EqualWeight,50,True
CAT-MUSIC-STUDIO-OBSERVATIONAL-27727B,Studios,SPT-MUSIC-STUDIO-7170B4,Observational,0,RecordedOnly,EqualWeight_Unscored,60,True
CAT-MUSIC-SUITE-SIZE-332A0B,Performing Arts,SPT-MUSIC-SUITE-96730D,Size,12,Scored,EqualWeight,10,True
CAT-MUSIC-SUITE-FUNCTION-970CF9,Performing Arts,SPT-MUSIC-SUITE-96730D,Function,12,Scored,EqualWeight,20,True
CAT-MUSIC-SUITE-OCCUPANT-EXPERIENC-44E346,Performing Arts,SPT-MUSIC-SUITE-96730D,Occupant Experience,12,Scored,EqualWeight,30,True
CAT-MUSIC-SUITE-AMENITIES-5583EE,Performing Arts,SPT-MUSIC-SUITE-96730D,Amenities,12,Scored,EqualWeight,40,True
CAT-MUSIC-SUITE-OBSERVATIONAL-2634FA,Performing Arts,SPT-MUSIC-SUITE-96730D,Observational,0,RecordedOnly,EqualWeight_Unscored,50,True
CAT-REHEARSAL-HALL-SIZE-97EC7F,Performing Arts,SPT-REHEARSAL-HALL-4608D6,Size,12,Scored,EqualWeight,10,True
CAT-REHEARSAL-HALL-FUNCTION-CBB434,Performing Arts,SPT-REHEARSAL-HALL-4608D6,Function,12,Scored,EqualWeight,20,True
CAT-REHEARSAL-HALL-OCCUPANT-EXPERIENC-D2CFC3,Performing Arts,SPT-REHEARSAL-HALL-4608D6,Occupant Experience,12,Scored,EqualWeight,30,True
CAT-REHEARSAL-HALL-INFRASTRUCTURE-EB4498,Performing Arts,SPT-REHEARSAL-HALL-4608D6,Infrastructure,12,Scored,EqualWeight,40,True
CAT-REHEARSAL-HALL-AMENITIES-D79C89,Performing Arts,SPT-REHEARSAL-HALL-4608D6,Amenities,12,Scored,EqualWeight,50,True
CAT-REHEARSAL-HALL-OBSERVATIONAL-6BC0EA,Performing Arts,SPT-REHEARSAL-HALL-4608D6,Observational,0,RecordedOnly,EqualWeight_Unscored,60,True
CAT-CAMPUS-SIZE-33F01B,General,SPT-CAMPUS-827B2F,Size,12,Scored,EqualWeight,10,True
CAT-CAMPUS-GENERAL-CAMPUS-3600E7,General,SPT-CAMPUS-827B2F,General Campus,12,Scored,EqualWeight,20,True
CAT-GENERAL-SIZE-54120C,General,SPT-GENERAL-83D639,Size,12,Scored,EqualWeight,10,True
CAT-GENERAL-INFRASTRUCTURE-D0C830,General,SPT-GENERAL-83D639,Infrastructure,12,Scored,EqualWeight,20,True
CAT-CAMPUS-FUNCTION-68D5F5,General,SPT-CAMPUS-827B2F,Function,12,Scored,EqualWeight,30,True
CAT-CAMPUS-SIZE-04C179,Closeout,SPT-CAMPUS-8C248A,Size,12,Scored,EqualWeight,10,True
CAT-CAMPUS-OBSERVATIONAL-7A8FC2,Closeout,SPT-CAMPUS-8C248A,Observational,0,RecordedOnly,EqualWeight_Unscored,20,True
