SubcategoryID,CategoryID,ScoreFocusArea,SubcategoryName,SubcategoryWeight,ScoringMode,WeightSource,DisplayOrder,IsActive
SUB-TRADITIONAL--FUNCTION-LAYOUT-AND-FLEXIBI-F32440,CAT-TRADITIONAL-STUD-FUNCTION-9D5736,Studios,Layout and Flexibility,12,Scored,EqualWeight,10,True
SUB-TRADITIONAL--INFRASTRUC-UTILITIES-AND-TECH-DF178A,CAT-TRADITIONAL-STUD-INFRASTRUCTURE-5C68A2,Studios,Utilities and Technology,12,Scored,EqualWeight,10,True
SUB-TRADITIONAL--OCCUPANT-E-AESTHETICS-5272E3,CAT-TRADITIONAL-STUD-OCCUPANT-EXPERIENC-8F3F9A,Studios,Aesthetics,12,Scored,EqualWeight,10,True
SUB-TRADITIONAL--OCCUPANT-E-OCCUPANT-COMFORT-3452B4,CAT-TRADITIONAL-STUD-OCCUPANT-EXPERIENC-8F3F9A,Studios,Occupant Comfort,12,Scored,EqualWeight,20,True
SUB-TRADITIONAL--AMENITIES-DISPLAY-AND-PRESEN-0B7FDB,CAT-TRADITIONAL-STUD-AMENITIES-640FA7,Studios,Display and Presentation,12,Scored,EqualWeight,10,True
SUB-TRADITIONAL--AMENITIES-STORAGE-5A24CC,CAT-TRADITIONAL-STUD-AMENITIES-640FA7,Studios,Storage,12,Scored,EqualWeight,20,True
SUB-TRADITIONAL--OCCUPANT-E-SAFETY-AND-SUPERVI-79D193,CAT-TRADITIONAL-STUD-OCCUPANT-EXPERIENC-8F3F9A,Studios,Safety and Supervision,12,Scored,EqualWeight,30,True
SUB-TRADITIONAL--AMENITIES-FURNITURE-AND-EQUI-E3CDE4,CAT-TRADITIONAL-STUD-AMENITIES-640FA7,Studios,Furniture and Equipment,12,Scored,EqualWeight,30,True
SUB-TRADITIONAL--INFRASTRUC-FLOORING-AND-SURFA-65DED3,CAT-TRADITIONAL-STUD-INFRASTRUCTURE-5C68A2,Studios,Flooring and Surface Finishes,12,Scored,EqualWeight,20,True
SUB-TRADITIONAL--FUNCTION-ADJACENCY-AND-ACCE-C3F997,CAT-TRADITIONAL-STUD-FUNCTION-9D5736,Studios,Adjacency and Access,12,Scored,EqualWeight,20,True
SUB-TRADITIONAL--OBSERVATIO-OBSERVATIONAL-DC6A7D,CAT-TRADITIONAL-STUD-OBSERVATIONAL-788B45,Studios,Observational,0,RecordedOnly,EqualWeight_Unscored,10,True
SUB-OUTDOOR-SPAC-FUNCTION-AVAILABILITY-E2E8E2,CAT-OUTDOOR-SPACES-FUNCTION-F68DD7,Outdoor,Availability,12,Scored,EqualWeight,10,True
SUB-OUTDOOR-SPAC-AMENITIES-FURNITURE-AND-EQUI-BD920F,CAT-OUTDOOR-SPACES-AMENITIES-58DDD6,Outdoor,Furniture and Equipment,12,Scored,EqualWeight,10,True
SUB-OUTDOOR-SPAC-OCCUPANT-E-SAFETY-AND-SUPERVI-270FD0,CAT-OUTDOOR-SPACES-OCCUPANT-EXPERIENC-FFD796,Outdoor,Safety and Supervision,12,Scored,EqualWeight,10,True
SUB-OUTDOOR-SPAC-OCCUPANT-E-OCCUPANT-COMFORT-15EE5E,CAT-OUTDOOR-SPACES-OCCUPANT-EXPERIENC-FFD796,Outdoor,Occupant Comfort,12,Scored,EqualWeight,20,True
SUB-OUTDOOR-SPAC-INFRASTRUC-UTILITIES-AND-TECH-3C6552,CAT-OUTDOOR-SPACES-INFRASTRUCTURE-422D97,Outdoor,Utilities and Technology,12,Scored,EqualWeight,10,True
SUB-OUTDOOR-SPAC-FUNCTION-ADJACENCY-AND-ACCE-D08446,CAT-OUTDOOR-SPACES-FUNCTION-F68DD7,Outdoor,Adjacency and Access,12,Scored,EqualWeight,20,True
SUB-OUTDOOR-SPAC-AMENITIES-STORAGE-DDF873,CAT-OUTDOOR-SPACES-AMENITIES-58DDD6,Outdoor,Storage,12,Scored,EqualWeight,20,True
SUB-OUTDOOR-SPAC-OBSERVATIO-OBSERVATIONAL-501490,CAT-OUTDOOR-SPACES-OBSERVATIONAL-0606E3,Outdoor,Observational,0,RecordedOnly,EqualWeight_Unscored,10,True
SUB-ADMIN-OFFICE-FUNCTION-LAYOUT-AND-FLEXIBI-86B5FF,CAT-ADMIN-OFFICES-FUNCTION-F94372,Administration,Layout and Flexibility,12,Scored,EqualWeight,10,True
SUB-ADMIN-OFFICE-INFRASTRUC-UTILITIES-AND-TECH-1AA3C6,CAT-ADMIN-OFFICES-INFRASTRUCTURE-70B9AF,Administration,Utilities and Technology,12,Scored,EqualWeight,10,True
SUB-ADMIN-OFFICE-OCCUPANT-E-AESTHETICS-8EA0B8,CAT-ADMIN-OFFICES-OCCUPANT-EXPERIENC-820ECE,Administration,Aesthetics,12,Scored,EqualWeight,10,True
SUB-ADMIN-OFFICE-OCCUPANT-E-OCCUPANT-COMFORT-9EFD5B,CAT-ADMIN-OFFICES-OCCUPANT-EXPERIENC-820ECE,Administration,Occupant Comfort,12,Scored,EqualWeight,20,True
SUB-ADMIN-OFFICE-OCCUPANT-E-SAFETY-AND-SUPERVI-A020DB,CAT-ADMIN-OFFICES-OCCUPANT-EXPERIENC-820ECE,Administration,Safety and Supervision,12,Scored,EqualWeight,30,True
SUB-ADMIN-OFFICE-AMENITIES-FURNITURE-AND-EQUI-A38E59,CAT-ADMIN-OFFICES-AMENITIES-5E3B3A,Administration,Furniture and Equipment,12,Scored,EqualWeight,10,True
SUB-ADMIN-OFFICE-INFRASTRUC-FLOORING-AND-SURFA-DB4B73,CAT-ADMIN-OFFICES-INFRASTRUCTURE-70B9AF,Administration,Flooring and Surface Finishes,12,Scored,EqualWeight,20,True
SUB-ADMIN-OFFICE-FUNCTION-ADJACENCY-AND-ACCE-91463D,CAT-ADMIN-OFFICES-FUNCTION-F94372,Administration,Adjacency and Access,12,Scored,EqualWeight,20,True
SUB-COMMUNITY-PA-FUNCTION-ADJACENCY-AND-ACCE-A67A61,CAT-COMMUNITY-PARTNE-FUNCTION-CAC5BD,Administration,Adjacency and Access,12,Scored,EqualWeight,10,True
SUB-COMMUNITY-PA-OCCUPANT-E-SAFETY-AND-SUPERVI-D69920,CAT-COMMUNITY-PARTNE-OCCUPANT-EXPERIENC-169A0B,Administration,Safety and Supervision,12,Scored,EqualWeight,10,True
SUB-COMMUNITY-PA-OCCUPANT-E-OCCUPANT-COMFORT-57323C,CAT-COMMUNITY-PARTNE-OCCUPANT-EXPERIENC-169A0B,Administration,Occupant Comfort,12,Scored,EqualWeight,20,True
SUB-COMMUNITY-PA-AMENITIES-FURNITURE-AND-EQUI-C0CF19,CAT-COMMUNITY-PARTNE-AMENITIES-0CCD32,Administration,Furniture and Equipment,12,Scored,EqualWeight,10,True
SUB-COMMUNITY-PA-INFRASTRUC-FLOORING-AND-SURFA-CE03AA,CAT-COMMUNITY-PARTNE-INFRASTRUCTURE-848518,Administration,Flooring and Surface Finishes,0,RecordedOnly,EqualWeight_Unscored,10,True
SUB-COMMUNITY-PA-INFRASTRUC-UTILITIES-AND-TECH-C8EBC5,CAT-COMMUNITY-PARTNE-INFRASTRUCTURE-848518,Administration,Utilities and Technology,0,RecordedOnly,EqualWeight_Unscored,20,True
SUB-MW-AND-COUNS-FUNCTION-LAYOUT-AND-FLEXIBI-72ECC3,CAT-MW-AND-COUNSELIN-FUNCTION-2DAC33,Administration,Layout and Flexibility,12,Scored,EqualWeight,10,True
SUB-MW-AND-COUNS-FUNCTION-ADJACENCY-AND-ACCE-8D4906,CAT-MW-AND-COUNSELIN-FUNCTION-2DAC33,Administration,Adjacency and Access,12,Scored,EqualWeight,20,True
SUB-MW-AND-COUNS-INFRASTRUC-UTILITIES-AND-TECH-532C22,CAT-MW-AND-COUNSELIN-INFRASTRUCTURE-3C1C89,Administration,Utilities and Technology,12,Scored,EqualWeight,10,True
SUB-MW-AND-COUNS-AMENITIES-STORAGE-DA0AB1,CAT-MW-AND-COUNSELIN-AMENITIES-42945E,Administration,Storage,12,Scored,EqualWeight,10,True
SUB-MW-AND-COUNS-FUNCTION-CIRCULATION-AND-EG-6B3C9C,CAT-MW-AND-COUNSELIN-FUNCTION-2DAC33,Administration,Circulation and Egress,12,Scored,EqualWeight,30,True
SUB-MW-AND-COUNS-OBSERVATIO-OBSERVATIONAL-C60DAA,CAT-MW-AND-COUNSELIN-OBSERVATIONAL-B67368,Administration,Observational,0,RecordedOnly,EqualWeight_Unscored,10,True
SUB-MW-AND-COUNS-FUNCTION-AVAILABILITY-AE0515,CAT-MW-AND-COUNSELIN-FUNCTION-2DAC33,Administration,Availability,12,Scored,EqualWeight,40,True
SUB-MW-AND-COUNS-OCCUPANT-E-OCCUPANT-COMFORT-A3D14B,CAT-MW-AND-COUNSELIN-OCCUPANT-EXPERIENC-A844D1,Administration,Occupant Comfort,12,Scored,EqualWeight,10,True
SUB-MW-AND-COUNS-AMENITIES-DISPLAY-AND-PRESEN-047714,CAT-MW-AND-COUNSELIN-AMENITIES-42945E,Administration,Display and Presentation,12,Scored,EqualWeight,20,True
SUB-MW-AND-COUNS-AMENITIES-FURNITURE-AND-EQUI-900CF6,CAT-MW-AND-COUNSELIN-AMENITIES-42945E,Administration,Furniture and Equipment,12,Scored,EqualWeight,30,True
SUB-MW-AND-COUNS-OCCUPANT-E-SAFETY-AND-SUPERVI-C16E0A,CAT-MW-AND-COUNSELIN-OCCUPANT-EXPERIENC-A844D1,Administration,Safety and Supervision,12,Scored,EqualWeight,20,True
SUB-MW-AND-COUNS-INFRASTRUC-FLOORING-AND-SURFA-0133FF,CAT-MW-AND-COUNSELIN-INFRASTRUCTURE-3C1C89,Administration,Flooring and Surface Finishes,12,Scored,EqualWeight,20,True
SUB-PROFESSIONAL-FUNCTION-LAYOUT-AND-FLEXIBI-D46538,CAT-PROFESSIONAL-LEA-FUNCTION-6F960D,Administration,Layout and Flexibility,12,Scored,EqualWeight,10,True
SUB-PROFESSIONAL-INFRASTRUC-UTILITIES-AND-TECH-0DAABD,CAT-PROFESSIONAL-LEA-INFRASTRUCTURE-C0F0F6,Administration,Utilities and Technology,12,Scored,EqualWeight,10,True
SUB-PROFESSIONAL-OCCUPANT-E-AESTHETICS-A2C7CD,CAT-PROFESSIONAL-LEA-OCCUPANT-EXPERIENC-800EC1,Administration,Aesthetics,12,Scored,EqualWeight,10,True
SUB-PROFESSIONAL-FUNCTION-ADJACENCY-AND-ACCE-6D6B9A,CAT-PROFESSIONAL-LEA-FUNCTION-6F960D,Administration,Adjacency and Access,12,Scored,EqualWeight,20,True
SUB-PROFESSIONAL-OCCUPANT-E-OCCUPANT-COMFORT-8CFCEC,CAT-PROFESSIONAL-LEA-OCCUPANT-EXPERIENC-800EC1,Administration,Occupant Comfort,12,Scored,EqualWeight,20,True
SUB-PROFESSIONAL-AMENITIES-FURNITURE-AND-EQUI-D1A209,CAT-PROFESSIONAL-LEA-AMENITIES-2E0C9E,Administration,Furniture and Equipment,12,Scored,EqualWeight,10,True
SUB-PROFESSIONAL-AMENITIES-STORAGE-CF5DE7,CAT-PROFESSIONAL-LEA-AMENITIES-2E0C9E,Administration,Storage,12,Scored,EqualWeight,20,True
SUB-PROFESSIONAL-AMENITIES-DISPLAY-AND-PRESEN-DF4A37,CAT-PROFESSIONAL-LEA-AMENITIES-2E0C9E,Administration,Display and Presentation,12,Scored,EqualWeight,30,True
SUB-PROFESSIONAL-OCCUPANT-E-SAFETY-AND-SUPERVI-73197E,CAT-PROFESSIONAL-LEA-OCCUPANT-EXPERIENC-800EC1,Administration,Safety and Supervision,12,Scored,EqualWeight,30,True
SUB-PROFESSIONAL-INFRASTRUC-FLOORING-AND-SURFA-5AB0EB,CAT-PROFESSIONAL-LEA-INFRASTRUCTURE-C0F0F6,Administration,Flooring and Surface Finishes,0,RecordedOnly,EqualWeight_Unscored,20,True
SUB-PROFESSIONAL-OBSERVATIO-OBSERVATIONAL-00B1ED,CAT-PROFESSIONAL-LEA-OBSERVATIONAL-736C0F,Administration,Observational,0,RecordedOnly,EqualWeight_Unscored,10,True
SUB-ENTRY-EXPERI-INFRASTRUC-TRANSPORTATION-3FFB4C,CAT-ENTRY-EXPERIENCE-INFRASTRUCTURE-C10B90,Entry Experience,Transportation,12,Scored,EqualWeight,10,True
SUB-ENTRY-EXPERI-INFRASTRUC-ENTRY-C448EB,CAT-ENTRY-EXPERIENCE-INFRASTRUCTURE-C10B90,Entry Experience,Entry,12,Scored,EqualWeight,20,True
SUB-ENTRY-EXPERI-INFRASTRUC-PARKING-LOT-901319,CAT-ENTRY-EXPERIENCE-INFRASTRUCTURE-C10B90,Entry Experience,Parking Lot,12,Scored,EqualWeight,30,True
SUB-ENTRY-EXPERI-INFRASTRUC-LANDSCAPE-9A925E,CAT-ENTRY-EXPERIENCE-INFRASTRUCTURE-C10B90,Entry Experience,Landscape,12,Scored,EqualWeight,40,True
SUB-ENTRY-EXPERI-INFRASTRUC-BOUNDARY-10B646,CAT-ENTRY-EXPERIENCE-INFRASTRUCTURE-C10B90,Entry Experience,Boundary,12,Scored,EqualWeight,50,True
SUB-ENTRY-EXPERI-INFRASTRUC-SIGNAGE-A9C67D,CAT-ENTRY-EXPERIENCE-INFRASTRUCTURE-C10B90,Entry Experience,Signage,12,Scored,EqualWeight,60,True
SUB-ENTRY-EXPERI-OCCUPANT-E-SAFETY-AND-SUPERVI-301541,CAT-ENTRY-EXPERIENCE-OCCUPANT-EXPERIENC-FA0C1D,Entry Experience,Safety and Supervision,12,Scored,EqualWeight,10,True
SUB-ENTRY-EXPERI-OCCUPANT-E-AESTHETICS-531702,CAT-ENTRY-EXPERIENCE-OCCUPANT-EXPERIENC-FA0C1D,Entry Experience,Aesthetics,12,Scored,EqualWeight,20,True
SUB-ENTRY-EXPERI-INFRASTRUC-UTILITIES-AND-TECH-F6AC1E,CAT-ENTRY-EXPERIENCE-INFRASTRUCTURE-C10B90,Entry Experience,Utilities and Technology,0,RecordedOnly,EqualWeight_Unscored,70,True
SUB-SCIENCE-FUNCTION-LAYOUT-AND-FLEXIBI-2080D2,CAT-SCIENCE-FUNCTION-C8A627,Studios,Layout and Flexibility,12,Scored,EqualWeight,10,True
SUB-SCIENCE-FUNCTION-CIRCULATION-AND-EG-2B537C,CAT-SCIENCE-FUNCTION-C8A627,Studios,Circulation and Egress,12,Scored,EqualWeight,20,True
SUB-SCIENCE-INFRASTRUC-UTILITIES-AND-TECH-FD560B,CAT-SCIENCE-INFRASTRUCTURE-A50DB7,Studios,Utilities and Technology,12,Scored,EqualWeight,10,True
SUB-SCIENCE-OCCUPANT-E-AESTHETICS-0D387F,CAT-SCIENCE-OCCUPANT-EXPERIENC-CD54A1,Studios,Aesthetics,12,Scored,EqualWeight,10,True
SUB-SCIENCE-OCCUPANT-E-OCCUPANT-COMFORT-4DCC1C,CAT-SCIENCE-OCCUPANT-EXPERIENC-CD54A1,Studios,Occupant Comfort,12,Scored,EqualWeight,20,True
SUB-SCIENCE-AMENITIES-STORAGE-3AF02E,CAT-SCIENCE-AMENITIES-30C28C,Studios,Storage,12,Scored,EqualWeight,10,True
SUB-SCIENCE-AMENITIES-DISPLAY-AND-PRESEN-6E0024,CAT-SCIENCE-AMENITIES-30C28C,Studios,Display and Presentation,12,Scored,EqualWeight,20,True
SUB-SCIENCE-OCCUPANT-E-SAFETY-AND-SUPERVI-764159,CAT-SCIENCE-OCCUPANT-EXPERIENC-CD54A1,Studios,Safety and Supervision,12,Scored,EqualWeight,30,True
SUB-SCIENCE-AMENITIES-FURNITURE-AND-EQUI-FC1DA6,CAT-SCIENCE-AMENITIES-30C28C,Studios,Furniture and Equipment,12,Scored,EqualWeight,30,True
SUB-SCIENCE-INFRASTRUC-FLOORING-AND-SURFA-4AB524,CAT-SCIENCE-INFRASTRUCTURE-A50DB7,Studios,Flooring and Surface Finishes,12,Scored,EqualWeight,20,True
SUB-SCIENCE-FUNCTION-ADJACENCY-AND-ACCE-19CB5D,CAT-SCIENCE-FUNCTION-C8A627,Studios,Adjacency and Access,12,Scored,EqualWeight,30,True
SUB-SCIENCE-LAB-OBSERVATIO-OBSERVATIONAL-481DF1,CAT-SCIENCE-LAB-OBSERVATIONAL-3A1458,Studios,Observational,0,RecordedOnly,EqualWeight_Unscored,10,True
SUB-SCIENCE-PREP-FUNCTION-ADJACENCY-AND-ACCE-67E065,CAT-SCIENCE-PREP-ROO-FUNCTION-D23DB5,Studios,Adjacency and Access,12,Scored,EqualWeight,10,True
SUB-SCIENCE-PREP-FUNCTION-CIRCULATION-AND-EG-D89C0B,CAT-SCIENCE-PREP-ROO-FUNCTION-D23DB5,Studios,Circulation and Egress,12,Scored,EqualWeight,20,True
SUB-SCIENCE-PREP-AMENITIES-STORAGE-7FBFC9,CAT-SCIENCE-PREP-ROO-AMENITIES-E4239A,Studios,Storage,12,Scored,EqualWeight,10,True
SUB-SCIENCE-PREP-OCCUPANT-E-SAFETY-AND-SUPERVI-B58FDE,CAT-SCIENCE-PREP-ROO-OCCUPANT-EXPERIENC-454FB4,Studios,Safety and Supervision,12,Scored,EqualWeight,10,True
SUB-SCIENCE-PREP-INFRASTRUC-UTILITIES-AND-TECH-E38BEB,CAT-SCIENCE-PREP-ROO-INFRASTRUCTURE-2BA939,Studios,Utilities and Technology,12,Scored,EqualWeight,10,True
SUB-MAIN-ADMIN-S-OCCUPANT-E-SAFETY-AND-SUPERVI-C5E583,CAT-MAIN-ADMIN-SUITE-OCCUPANT-EXPERIENC-BDC2FB,Administration,Safety and Supervision,12,Scored,EqualWeight,10,True
SUB-MAIN-ADMIN-S-OCCUPANT-E-AESTHETICS-030840,CAT-MAIN-ADMIN-SUITE-OCCUPANT-EXPERIENC-BDC2FB,Administration,Aesthetics,12,Scored,EqualWeight,20,True
SUB-MAIN-ADMIN-S-FUNCTION-ADJACENCY-AND-ACCE-8CF6ED,CAT-MAIN-ADMIN-SUITE-FUNCTION-4C1374,Administration,Adjacency and Access,12,Scored,EqualWeight,10,True
SUB-MAIN-ADMIN-S-OCCUPANT-E-OCCUPANT-COMFORT-8D168A,CAT-MAIN-ADMIN-SUITE-OCCUPANT-EXPERIENC-BDC2FB,Administration,Occupant Comfort,12,Scored,EqualWeight,30,True
SUB-MAIN-ADMIN-S-AMENITIES-DISPLAY-AND-PRESEN-3E505C,CAT-MAIN-ADMIN-SUITE-AMENITIES-3DF897,Administration,Display and Presentation,12,Scored,EqualWeight,10,True
SUB-MAIN-ADMIN-S-AMENITIES-FURNITURE-AND-EQUI-A536A8,CAT-MAIN-ADMIN-SUITE-AMENITIES-3DF897,Administration,Furniture and Equipment,12,Scored,EqualWeight,20,True
SUB-MAIN-ADMIN-S-FUNCTION-LAYOUT-AND-FLEXIBI-1181ED,CAT-MAIN-ADMIN-SUITE-FUNCTION-4C1374,Administration,Layout and Flexibility,12,Scored,EqualWeight,20,True
SUB-MAIN-ADMIN-S-FUNCTION-AVAILABILITY-A9D48B,CAT-MAIN-ADMIN-SUITE-FUNCTION-4C1374,Administration,Availability,12,Scored,EqualWeight,30,True
SUB-MAIN-ADMIN-S-INFRASTRUC-UTILITIES-AND-TECH-9D3C28,CAT-MAIN-ADMIN-SUITE-INFRASTRUCTURE-41F679,Administration,Utilities and Technology,12,Scored,EqualWeight,10,True
SUB-MAIN-ADMIN-S-INFRASTRUC-FLOORING-AND-SURFA-B196F5,CAT-MAIN-ADMIN-SUITE-INFRASTRUCTURE-41F679,Administration,Flooring and Surface Finishes,12,Scored,EqualWeight,20,True
SUB-MAIN-ADMIN-S-AMENITIES-STORAGE-B04D34,CAT-MAIN-ADMIN-SUITE-AMENITIES-3DF897,Administration,Storage,12,Scored,EqualWeight,30,True
SUB-MAIN-ADMIN-S-OCCUPANT-E-CIRCULATION-AND-EG-59B6F8,CAT-MAIN-ADMIN-SUITE-OCCUPANT-EXPERIENC-BDC2FB,Administration,Circulation and Egress,12,Scored,EqualWeight,40,True
SUB-EARLY-CHILDH-FUNCTION-LAYOUT-AND-FLEXIBI-A586B6,CAT-EARLY-CHILDHOOD--FUNCTION-AAC7F0,Studios,Layout and Flexibility,12,Scored,EqualWeight,10,True
SUB-EARLY-CHILDH-INFRASTRUC-UTILITIES-AND-TECH-3283C8,CAT-EARLY-CHILDHOOD--INFRASTRUCTURE-D344B8,Studios,Utilities and Technology,12,Scored,EqualWeight,10,True
SUB-EARLY-CHILDH-OCCUPANT-E-AESTHETICS-F2FF9C,CAT-EARLY-CHILDHOOD--OCCUPANT-EXPERIENC-CDD579,Studios,Aesthetics,12,Scored,EqualWeight,10,True
SUB-EARLY-CHILDH-OCCUPANT-E-OCCUPANT-COMFORT-37A9F6,CAT-EARLY-CHILDHOOD--OCCUPANT-EXPERIENC-CDD579,Studios,Occupant Comfort,12,Scored,EqualWeight,20,True
SUB-EARLY-CHILDH-AMENITIES-DISPLAY-AND-PRESEN-D2DE0E,CAT-EARLY-CHILDHOOD--AMENITIES-660B5D,Studios,Display and Presentation,12,Scored,EqualWeight,10,True
SUB-EARLY-CHILDH-AMENITIES-STORAGE-51594A,CAT-EARLY-CHILDHOOD--AMENITIES-660B5D,Studios,Storage,12,Scored,EqualWeight,20,True
SUB-EARLY-CHILDH-OCCUPANT-E-SAFETY-AND-SUPERVI-6D2896,CAT-EARLY-CHILDHOOD--OCCUPANT-EXPERIENC-CDD579,Studios,Safety and Supervision,12,Scored,EqualWeight,30,True
SUB-EARLY-CHILDH-AMENITIES-FURNITURE-AND-EQUI-CA2082,CAT-EARLY-CHILDHOOD--AMENITIES-660B5D,Studios,Furniture and Equipment,12,Scored,EqualWeight,30,True
SUB-EARLY-CHILDH-INFRASTRUC-FLOORING-AND-SURFA-4AC32F,CAT-EARLY-CHILDHOOD--INFRASTRUCTURE-D344B8,Studios,Flooring and Surface Finishes,12,Scored,EqualWeight,20,True
SUB-EARLY-CHILDH-FUNCTION-ADJACENCY-AND-ACCE-10A327,CAT-EARLY-CHILDHOOD--FUNCTION-AAC7F0,Studios,Adjacency and Access,12,Scored,EqualWeight,20,True
SUB-EARLY-CHILDH-OBSERVATIO-OBSERVATIONAL-34A5A0,CAT-EARLY-CHILDHOOD--OBSERVATIONAL-857AF7,Studios,Observational,0,RecordedOnly,EqualWeight_Unscored,10,True
SUB-EARLY-CHILDH-FUNCTION-LAYOUT-AND-FLEXIBI-D27B57,CAT-EARLY-CHILDHOOD--FUNCTION-7CA275,Special Education,Layout and Flexibility,12,Scored,EqualWeight,10,True
SUB-EARLY-CHILDH-INFRASTRUC-UTILITIES-AND-TECH-8F1475,CAT-EARLY-CHILDHOOD--INFRASTRUCTURE-563F10,Special Education,Utilities and Technology,12,Scored,EqualWeight,10,True
SUB-EARLY-CHILDH-OCCUPANT-E-AESTHETICS-02EEE6,CAT-EARLY-CHILDHOOD--OCCUPANT-EXPERIENC-D6C864,Special Education,Aesthetics,12,Scored,EqualWeight,10,True
SUB-EARLY-CHILDH-OCCUPANT-E-OCCUPANT-COMFORT-C133BB,CAT-EARLY-CHILDHOOD--OCCUPANT-EXPERIENC-D6C864,Special Education,Occupant Comfort,12,Scored,EqualWeight,20,True
SUB-EARLY-CHILDH-AMENITIES-DISPLAY-AND-PRESEN-C3594B,CAT-EARLY-CHILDHOOD--AMENITIES-DFA778,Special Education,Display and Presentation,12,Scored,EqualWeight,10,True
SUB-EARLY-CHILDH-AMENITIES-STORAGE-BD0FBC,CAT-EARLY-CHILDHOOD--AMENITIES-DFA778,Special Education,Storage,12,Scored,EqualWeight,20,True
SUB-EARLY-CHILDH-OCCUPANT-E-SAFETY-AND-SUPERVI-A1469C,CAT-EARLY-CHILDHOOD--OCCUPANT-EXPERIENC-D6C864,Special Education,Safety and Supervision,12,Scored,EqualWeight,30,True
SUB-EARLY-CHILDH-AMENITIES-FURNITURE-AND-EQUI-1379E4,CAT-EARLY-CHILDHOOD--AMENITIES-DFA778,Special Education,Furniture and Equipment,12,Scored,EqualWeight,30,True
SUB-EARLY-CHILDH-INFRASTRUC-FLOORING-AND-SURFA-41AD64,CAT-EARLY-CHILDHOOD--INFRASTRUCTURE-563F10,Special Education,Flooring and Surface Finishes,12,Scored,EqualWeight,20,True
SUB-EARLY-CHILDH-FUNCTION-ADJACENCY-AND-ACCE-ADC813,CAT-EARLY-CHILDHOOD--FUNCTION-7CA275,Special Education,Adjacency and Access,12,Scored,EqualWeight,20,True
SUB-EARLY-CHILDH-OCCUPANT-E-CIRCULATION-AND-EG-4A8C36,CAT-EARLY-CHILDHOOD--OCCUPANT-EXPERIENC-D6C864,Special Education,Circulation and Egress,12,Scored,EqualWeight,40,True
SUB-EARLY-CHILDH-OBSERVATIO-OBSERVATIONAL-C7BDFB,CAT-EARLY-CHILDHOOD--OBSERVATIONAL-72495F,Special Education,Observational,0,RecordedOnly,EqualWeight_Unscored,10,True
SUB-MAKER-SPACE-FUNCTION-LAYOUT-AND-FLEXIBI-3D053D,CAT-MAKER-SPACE-FUNCTION-B02A23,Studios,Layout and Flexibility,12,Scored,EqualWeight,10,True
SUB-MAKER-SPACE-INFRASTRUC-UTILITIES-AND-TECH-A6667C,CAT-MAKER-SPACE-INFRASTRUCTURE-BC734F,Studios,Utilities and Technology,12,Scored,EqualWeight,10,True
SUB-MAKER-SPACE-OCCUPANT-E-AESTHETICS-6CB920,CAT-MAKER-SPACE-OCCUPANT-EXPERIENC-15ABA2,Studios,Aesthetics,12,Scored,EqualWeight,10,True
SUB-MAKER-SPACE-OCCUPANT-E-OCCUPANT-COMFORT-89B4D9,CAT-MAKER-SPACE-OCCUPANT-EXPERIENC-15ABA2,Studios,Occupant Comfort,12,Scored,EqualWeight,20,True
SUB-MAKER-SPACE-AMENITIES-DISPLAY-AND-PRESEN-8BF9DE,CAT-MAKER-SPACE-AMENITIES-674FB8,Studios,Display and Presentation,12,Scored,EqualWeight,10,True
SUB-MAKER-SPACE-AMENITIES-STORAGE-A84F3B,CAT-MAKER-SPACE-AMENITIES-674FB8,Studios,Storage,12,Scored,EqualWeight,20,True
SUB-MAKER-SPACE-OCCUPANT-E-SAFETY-AND-SUPERVI-D5DBA2,CAT-MAKER-SPACE-OCCUPANT-EXPERIENC-15ABA2,Studios,Safety and Supervision,12,Scored,EqualWeight,30,True
SUB-MAKER-SPACE-AMENITIES-FURNITURE-AND-EQUI-968F87,CAT-MAKER-SPACE-AMENITIES-674FB8,Studios,Furniture and Equipment,12,Scored,EqualWeight,30,True
SUB-MAKER-SPACE-INFRASTRUC-FLOORING-AND-SURFA-B0F763,CAT-MAKER-SPACE-INFRASTRUCTURE-BC734F,Studios,Flooring and Surface Finishes,12,Scored,EqualWeight,20,True
SUB-MAKER-SPACE-FUNCTION-ADJACENCY-AND-ACCE-D35C95,CAT-MAKER-SPACE-FUNCTION-B02A23,Studios,Adjacency and Access,12,Scored,EqualWeight,20,True
SUB-MAKER-SPACE-OBSERVATIO-OBSERVATIONAL-013D49,CAT-MAKER-SPACE-OBSERVATIONAL-C2E279,Studios,Observational,0,RecordedOnly,EqualWeight_Unscored,10,True
SUB-SPECIAL-EDUC-FUNCTION-AVAILABILITY-DCDF39,CAT-SPECIAL-EDUCATIO-FUNCTION-121105,Special Education,Availability,12,Scored,EqualWeight,10,True
SUB-SPECIAL-EDUC-FUNCTION-ADJACENCY-AND-ACCE-AB9082,CAT-SPECIAL-EDUCATIO-FUNCTION-121105,Special Education,Adjacency and Access,12,Scored,EqualWeight,20,True
SUB-SPECIAL-EDUC-OCCUPANT-E-CIRCULATION-AND-EG-711395,CAT-SPECIAL-EDUCATIO-OCCUPANT-EXPERIENC-F8A138,Special Education,Circulation and Egress,12,Scored,EqualWeight,10,True
SUB-SPECIAL-EDUC-OCCUPANT-E-SAFETY-AND-SUPERVI-50266F,CAT-SPECIAL-EDUCATIO-OCCUPANT-EXPERIENC-F8A138,Special Education,Safety and Supervision,12,Scored,EqualWeight,20,True
SUB-SPECIAL-EDUC-AMENITIES-STORAGE-69CA04,CAT-SPECIAL-EDUCATIO-AMENITIES-98B47A,Special Education,Storage,12,Scored,EqualWeight,10,True
SUB-SENSORY-MOTO-FUNCTION-LAYOUT-AND-FLEXIBI-089E93,CAT-SENSORY-MOTOR-LA-FUNCTION-450000,Special Education,Layout and Flexibility,12,Scored,EqualWeight,10,True
SUB-SENSORY-MOTO-INFRASTRUC-UTILITIES-AND-TECH-FCD807,CAT-SENSORY-MOTOR-LA-INFRASTRUCTURE-D6E8FC,Special Education,Utilities and Technology,12,Scored,EqualWeight,10,True
SUB-SENSORY-MOTO-OCCUPANT-E-AESTHETICS-491964,CAT-SENSORY-MOTOR-LA-OCCUPANT-EXPERIENC-804C02,Special Education,Aesthetics,12,Scored,EqualWeight,10,True
SUB-SENSORY-MOTO-OCCUPANT-E-OCCUPANT-COMFORT-56A15C,CAT-SENSORY-MOTOR-LA-OCCUPANT-EXPERIENC-804C02,Special Education,Occupant Comfort,12,Scored,EqualWeight,20,True
SUB-SENSORY-MOTO-AMENITIES-STORAGE-7266B3,CAT-SENSORY-MOTOR-LA-AMENITIES-A06644,Special Education,Storage,12,Scored,EqualWeight,10,True
SUB-SENSORY-MOTO-OCCUPANT-E-SAFETY-AND-SUPERVI-E1732D,CAT-SENSORY-MOTOR-LA-OCCUPANT-EXPERIENC-804C02,Special Education,Safety and Supervision,12,Scored,EqualWeight,30,True
SUB-SENSORY-MOTO-AMENITIES-FURNITURE-AND-EQUI-1CDB88,CAT-SENSORY-MOTOR-LA-AMENITIES-A06644,Special Education,Furniture and Equipment,12,Scored,EqualWeight,20,True
SUB-SENSORY-MOTO-INFRASTRUC-FLOORING-AND-SURFA-C579D7,CAT-SENSORY-MOTOR-LA-INFRASTRUCTURE-D6E8FC,Special Education,Flooring and Surface Finishes,12,Scored,EqualWeight,20,True
SUB-SENSORY-MOTO-OBSERVATIO-OBSERVATIONAL-176BED,CAT-SENSORY-MOTOR-LA-OBSERVATIONAL-FDF25B,Special Education,Observational,0,RecordedOnly,EqualWeight_Unscored,10,True
SUB-LIFE-SKILLS--FUNCTION-LAYOUT-AND-FLEXIBI-4D553E,CAT-LIFE-SKILLS-STUD-FUNCTION-AFE64A,Special Education,Layout and Flexibility,12,Scored,EqualWeight,10,True
SUB-LIFE-SKILLS--INFRASTRUC-UTILITIES-AND-TECH-3D1946,CAT-LIFE-SKILLS-STUD-INFRASTRUCTURE-0E8C23,Special Education,Utilities and Technology,12,Scored,EqualWeight,10,True
SUB-LIFE-SKILLS--OCCUPANT-E-AESTHETICS-C10AA7,CAT-LIFE-SKILLS-STUD-OCCUPANT-EXPERIENC-821598,Special Education,Aesthetics,12,Scored,EqualWeight,10,True
SUB-LIFE-SKILLS--OCCUPANT-E-OCCUPANT-COMFORT-30226D,CAT-LIFE-SKILLS-STUD-OCCUPANT-EXPERIENC-821598,Special Education,Occupant Comfort,12,Scored,EqualWeight,20,True
SUB-LIFE-SKILLS--AMENITIES-STORAGE-E60CBF,CAT-LIFE-SKILLS-STUD-AMENITIES-406D9A,Special Education,Storage,12,Scored,EqualWeight,10,True
SUB-LIFE-SKILLS--OCCUPANT-E-SAFETY-AND-SUPERVI-5BC97F,CAT-LIFE-SKILLS-STUD-OCCUPANT-EXPERIENC-821598,Special Education,Safety and Supervision,12,Scored,EqualWeight,30,True
SUB-LIFE-SKILLS--AMENITIES-FURNITURE-AND-EQUI-0F5529,CAT-LIFE-SKILLS-STUD-AMENITIES-406D9A,Special Education,Furniture and Equipment,12,Scored,EqualWeight,20,True
SUB-LIFE-SKILLS--INFRASTRUC-FLOORING-AND-SURFA-C17C44,CAT-LIFE-SKILLS-STUD-INFRASTRUCTURE-0E8C23,Special Education,Flooring and Surface Finishes,12,Scored,EqualWeight,20,True
SUB-LIFE-SKILLS--AMENITIES-DISPLAY-AND-PRESEN-453E4E,CAT-LIFE-SKILLS-STUD-AMENITIES-406D9A,Special Education,Display and Presentation,12,Scored,EqualWeight,30,True
SUB-VOCATIONAL-L-FUNCTION-LAYOUT-AND-FLEXIBI-789445,CAT-VOCATIONAL-LAB-FUNCTION-8CF6F5,Special Education,Layout and Flexibility,12,Scored,EqualWeight,10,True
SUB-VOCATIONAL-L-INFRASTRUC-UTILITIES-AND-TECH-A8C72D,CAT-VOCATIONAL-LAB-INFRASTRUCTURE-6D0F73,Special Education,Utilities and Technology,12,Scored,EqualWeight,10,True
SUB-VOCATIONAL-L-OCCUPANT-E-AESTHETICS-62EE1B,CAT-VOCATIONAL-LAB-OCCUPANT-EXPERIENC-77F7A2,Special Education,Aesthetics,12,Scored,EqualWeight,10,True
SUB-VOCATIONAL-L-OCCUPANT-E-OCCUPANT-COMFORT-2779FA,CAT-VOCATIONAL-LAB-OCCUPANT-EXPERIENC-77F7A2,Special Education,Occupant Comfort,12,Scored,EqualWeight,20,True
SUB-VOCATIONAL-L-AMENITIES-STORAGE-20DB48,CAT-VOCATIONAL-LAB-AMENITIES-93289B,Special Education,Storage,12,Scored,EqualWeight,10,True
SUB-VOCATIONAL-L-OCCUPANT-E-SAFETY-AND-SUPERVI-267D26,CAT-VOCATIONAL-LAB-OCCUPANT-EXPERIENC-77F7A2,Special Education,Safety and Supervision,12,Scored,EqualWeight,30,True
SUB-VOCATIONAL-L-AMENITIES-FURNITURE-AND-EQUI-48B52C,CAT-VOCATIONAL-LAB-AMENITIES-93289B,Special Education,Furniture and Equipment,12,Scored,EqualWeight,20,True
SUB-VOCATIONAL-L-INFRASTRUC-FLOORING-AND-SURFA-04CD36,CAT-VOCATIONAL-LAB-INFRASTRUCTURE-6D0F73,Special Education,Flooring and Surface Finishes,12,Scored,EqualWeight,20,True
SUB-VOCATIONAL-L-AMENITIES-DISPLAY-AND-PRESEN-BB2F4C,CAT-VOCATIONAL-LAB-AMENITIES-93289B,Special Education,Display and Presentation,12,Scored,EqualWeight,30,True
SUB-VOCATIONAL-L-OBSERVATIO-OBSERVATIONAL-8BBC16,CAT-VOCATIONAL-LAB-OBSERVATIONAL-0A661B,Special Education,Observational,0,RecordedOnly,EqualWeight_Unscored,10,True
SUB-SPED-FLEX-ST-FUNCTION-ADJACENCY-AND-ACCE-AF08B7,CAT-SPED-FLEX-STUDIO-FUNCTION-89F14E,Special Education,Adjacency and Access,12,Scored,EqualWeight,10,True
SUB-SPED-FLEX-ST-FUNCTION-LAYOUT-AND-FLEXIBI-CFC5BD,CAT-SPED-FLEX-STUDIO-FUNCTION-89F14E,Special Education,Layout and Flexibility,12,Scored,EqualWeight,20,True
SUB-SPED-FLEX-ST-INFRASTRUC-UTILITIES-AND-TECH-46ACFF,CAT-SPED-FLEX-STUDIO-INFRASTRUCTURE-AE1A1E,Special Education,Utilities and Technology,12,Scored,EqualWeight,10,True
SUB-SPED-FLEX-ST-OCCUPANT-E-AESTHETICS-4A847A,CAT-SPED-FLEX-STUDIO-OCCUPANT-EXPERIENC-712E43,Special Education,Aesthetics,12,Scored,EqualWeight,10,True
SUB-SPED-FLEX-ST-OCCUPANT-E-OCCUPANT-COMFORT-084D85,CAT-SPED-FLEX-STUDIO-OCCUPANT-EXPERIENC-712E43,Special Education,Occupant Comfort,12,Scored,EqualWeight,20,True
SUB-SPED-FLEX-ST-AMENITIES-STORAGE-3BEBEC,CAT-SPED-FLEX-STUDIO-AMENITIES-BAA830,Special Education,Storage,12,Scored,EqualWeight,10,True
SUB-SPED-FLEX-ST-OCCUPANT-E-SAFETY-AND-SUPERVI-B718BB,CAT-SPED-FLEX-STUDIO-OCCUPANT-EXPERIENC-712E43,Special Education,Safety and Supervision,12,Scored,EqualWeight,30,True
SUB-SPED-FLEX-ST-AMENITIES-FURNITURE-AND-EQUI-AF6CC1,CAT-SPED-FLEX-STUDIO-AMENITIES-BAA830,Special Education,Furniture and Equipment,12,Scored,EqualWeight,20,True
SUB-SPED-FLEX-ST-INFRASTRUC-FLOORING-AND-SURFA-DF4A71,CAT-SPED-FLEX-STUDIO-INFRASTRUCTURE-AE1A1E,Special Education,Flooring and Surface Finishes,12,Scored,EqualWeight,20,True
SUB-SPED-FLEX-ST-AMENITIES-DISPLAY-AND-PRESEN-C0EEFD,CAT-SPED-FLEX-STUDIO-AMENITIES-BAA830,Special Education,Display and Presentation,12,Scored,EqualWeight,30,True
SUB-SPED-FLEX-OBSERVATIO-OBSERVATIONAL-9EF9E8,CAT-SPED-FLEX-OBSERVATIONAL-E7A5A3,Special Education,Observational,0,RecordedOnly,EqualWeight_Unscored,10,True
SUB-LIBRARY-MEDI-FUNCTION-ADJACENCY-AND-ACCE-51F394,CAT-LIBRARY-MEDIA-CE-FUNCTION-04EAF5,Shared Spaces,Adjacency and Access,12,Scored,EqualWeight,10,True
SUB-LIBRARY-MEDI-FUNCTION-AVAILABILITY-B9412A,CAT-LIBRARY-MEDIA-CE-FUNCTION-04EAF5,Shared Spaces,Availability,12,Scored,EqualWeight,20,True
SUB-LIBRARY-MEDI-OCCUPANT-E-OCCUPANT-COMFORT-C07510,CAT-LIBRARY-MEDIA-CE-OCCUPANT-EXPERIENC-FAF43D,Shared Spaces,Occupant Comfort,12,Scored,EqualWeight,10,True
SUB-LIBRARY-MEDI-INFRASTRUC-UTILITIES-AND-TECH-CAC90D,CAT-LIBRARY-MEDIA-CE-INFRASTRUCTURE-9EC5EC,Shared Spaces,Utilities and Technology,12,Scored,EqualWeight,10,True
SUB-LIBRARY-MEDI-OCCUPANT-E-AESTHETICS-725182,CAT-LIBRARY-MEDIA-CE-OCCUPANT-EXPERIENC-FAF43D,Shared Spaces,Aesthetics,12,Scored,EqualWeight,20,True
SUB-LIBRARY-MEDI-AMENITIES-STORAGE-F65349,CAT-LIBRARY-MEDIA-CE-AMENITIES-B9B586,Shared Spaces,Storage,12,Scored,EqualWeight,10,True
SUB-LIBRARY-MEDI-AMENITIES-DISPLAY-AND-PRESEN-C10B0C,CAT-LIBRARY-MEDIA-CE-AMENITIES-B9B586,Shared Spaces,Display and Presentation,12,Scored,EqualWeight,20,True
SUB-LIBRARY-MEDI-OCCUPANT-E-SAFETY-AND-SUPERVI-DA5B38,CAT-LIBRARY-MEDIA-CE-OCCUPANT-EXPERIENC-FAF43D,Shared Spaces,Safety and Supervision,12,Scored,EqualWeight,30,True
SUB-LIBRARY-MEDI-AMENITIES-FURNITURE-AND-EQUI-A303BF,CAT-LIBRARY-MEDIA-CE-AMENITIES-B9B586,Shared Spaces,Furniture and Equipment,12,Scored,EqualWeight,30,True
SUB-LIBRARY-MEDI-INFRASTRUC-FLOORING-AND-SURFA-BE8198,CAT-LIBRARY-MEDIA-CE-INFRASTRUCTURE-9EC5EC,Shared Spaces,Flooring and Surface Finishes,12,Scored,EqualWeight,20,True
SUB-LIBRARY-MEDI-OBSERVATIO-OBSERVATIONAL-A31181,CAT-LIBRARY-MEDIA-CE-OBSERVATIONAL-B07448,Shared Spaces,Observational,0,RecordedOnly,EqualWeight_Unscored,10,True
SUB-COMPETITION--FUNCTION-LAYOUT-AND-FLEXIBI-7AAA5D,CAT-COMPETITION-GYM-FUNCTION-7E8D10,Athletics and Wellness,Layout and Flexibility,12,Scored,EqualWeight,10,True
SUB-COMPETITION--OCCUPANT-E-CIRCULATION-AND-EG-5A7483,CAT-COMPETITION-GYM-OCCUPANT-EXPERIENC-058D89,Athletics and Wellness,Circulation and Egress,12,Scored,EqualWeight,10,True
SUB-COMPETITION--INFRASTRUC-FLOORING-AND-SURFA-06A4FF,CAT-COMPETITION-GYM-INFRASTRUCTURE-DA01FB,Athletics and Wellness,Flooring and Surface Finishes,12,Scored,EqualWeight,10,True
SUB-COMPETITION--AMENITIES-DISPLAY-AND-PRESEN-CFDA0E,CAT-COMPETITION-GYM-AMENITIES-9ED9A4,Athletics and Wellness,Display and Presentation,12,Scored,EqualWeight,10,True
SUB-COMPETITION--INFRASTRUC-UTILITIES-AND-TECH-87BDBF,CAT-COMPETITION-GYM-INFRASTRUCTURE-DA01FB,Athletics and Wellness,Utilities and Technology,12,Scored,EqualWeight,20,True
SUB-COMPETITION--AMENITIES-FURNITURE-AND-EQUI-1098BD,CAT-COMPETITION-GYM-AMENITIES-9ED9A4,Athletics and Wellness,Furniture and Equipment,12,Scored,EqualWeight,20,True
SUB-COMPETITION--AMENITIES-STORAGE-049BD0,CAT-COMPETITION-GYM-AMENITIES-9ED9A4,Athletics and Wellness,Storage,12,Scored,EqualWeight,30,True
SUB-COMPETITION--FUNCTION-ADJACENCY-AND-ACCE-F18482,CAT-COMPETITION-GYM-FUNCTION-7E8D10,Athletics and Wellness,Adjacency and Access,12,Scored,EqualWeight,20,True
SUB-COMPETITION--OBSERVATIO-OBSERVATIONAL-5871E0,CAT-COMPETITION-GYM-OBSERVATIONAL-704A6B,Athletics and Wellness,Observational,0,RecordedOnly,EqualWeight_Unscored,10,True
SUB-MULTIPURPOSE-FUNCTION-LAYOUT-AND-FLEXIBI-DF8028,CAT-MULTIPURPOSE-GYM-FUNCTION-A7279A,Athletics and Wellness,Layout and Flexibility,12,Scored,EqualWeight,10,True
SUB-MULTIPURPOSE-OCCUPANT-E-CIRCULATION-AND-EG-7FD46B,CAT-MULTIPURPOSE-GYM-OCCUPANT-EXPERIENC-BB9BF7,Athletics and Wellness,Circulation and Egress,12,Scored,EqualWeight,10,True
SUB-MULTIPURPOSE-INFRASTRUC-FLOORING-AND-SURFA-598E25,CAT-MULTIPURPOSE-GYM-INFRASTRUCTURE-56C527,Athletics and Wellness,Flooring and Surface Finishes,12,Scored,EqualWeight,10,True
SUB-MULTIPURPOSE-AMENITIES-DISPLAY-AND-PRESEN-ABDA67,CAT-MULTIPURPOSE-GYM-AMENITIES-F07504,Athletics and Wellness,Display and Presentation,12,Scored,EqualWeight,10,True
SUB-MULTIPURPOSE-INFRASTRUC-UTILITIES-AND-TECH-7D02DD,CAT-MULTIPURPOSE-GYM-INFRASTRUCTURE-56C527,Athletics and Wellness,Utilities and Technology,12,Scored,EqualWeight,20,True
SUB-MULTIPURPOSE-AMENITIES-FURNITURE-AND-EQUI-C3B95E,CAT-MULTIPURPOSE-GYM-AMENITIES-F07504,Athletics and Wellness,Furniture and Equipment,12,Scored,EqualWeight,20,True
SUB-MULTIPURPOSE-AMENITIES-STORAGE-15D635,CAT-MULTIPURPOSE-GYM-AMENITIES-F07504,Athletics and Wellness,Storage,12,Scored,EqualWeight,30,True
SUB-MULTIPURPOSE-FUNCTION-ADJACENCY-AND-ACCE-0B9197,CAT-MULTIPURPOSE-GYM-FUNCTION-A7279A,Athletics and Wellness,Adjacency and Access,12,Scored,EqualWeight,20,True
SUB-MULTIPURPOSE-OBSERVATIO-OBSERVATIONAL-312D87,CAT-MULTIPURPOSE-GYM-OBSERVATIONAL-6E97CE,Athletics and Wellness,Observational,0,RecordedOnly,EqualWeight_Unscored,10,True
SUB-PRACTICE-GYM-FUNCTION-LAYOUT-AND-FLEXIBI-97A37D,CAT-PRACTICE-GYM-FUNCTION-DA1C9B,Athletics and Wellness,Layout and Flexibility,12,Scored,EqualWeight,10,True
SUB-PRACTICE-GYM-OCCUPANT-E-CIRCULATION-AND-EG-092E0D,CAT-PRACTICE-GYM-OCCUPANT-EXPERIENC-72A2F8,Athletics and Wellness,Circulation and Egress,12,Scored,EqualWeight,10,True
SUB-PRACTICE-GYM-INFRASTRUC-FLOORING-AND-SURFA-D99FC3,CAT-PRACTICE-GYM-INFRASTRUCTURE-46F01A,Athletics and Wellness,Flooring and Surface Finishes,12,Scored,EqualWeight,10,True
SUB-PRACTICE-GYM-AMENITIES-DISPLAY-AND-PRESEN-C9CD32,CAT-PRACTICE-GYM-AMENITIES-F01D2D,Athletics and Wellness,Display and Presentation,12,Scored,EqualWeight,10,True
SUB-PRACTICE-GYM-INFRASTRUC-UTILITIES-AND-TECH-550D3A,CAT-PRACTICE-GYM-INFRASTRUCTURE-46F01A,Athletics and Wellness,Utilities and Technology,12,Scored,EqualWeight,20,True
SUB-PRACTICE-GYM-AMENITIES-STORAGE-337BF2,CAT-PRACTICE-GYM-AMENITIES-F01D2D,Athletics and Wellness,Storage,12,Scored,EqualWeight,20,True
SUB-PRACTICE-GYM-FUNCTION-ADJACENCY-AND-ACCE-FE686E,CAT-PRACTICE-GYM-FUNCTION-DA1C9B,Athletics and Wellness,Adjacency and Access,12,Scored,EqualWeight,20,True
SUB-PRACTICE-GYM-FUNCTION-AVAILABILITY-DA650A,CAT-PRACTICE-GYM-FUNCTION-DA1C9B,Athletics and Wellness,Availability,0,RecordedOnly,EqualWeight_Unscored,30,True
SUB-ES-GYMNASIUM-OCCUPANT-E-CIRCULATION-AND-EG-09C9AC,CAT-ES-GYMNASIUM-OCCUPANT-EXPERIENC-432605,Shared Spaces,Circulation and Egress,12,Scored,EqualWeight,10,True
SUB-ES-GYMNASIUM-AMENITIES-FURNITURE-AND-EQUI-8540E2,CAT-ES-GYMNASIUM-AMENITIES-35A8E9,Shared Spaces,Furniture and Equipment,12,Scored,EqualWeight,10,True
SUB-ES-GYMNASIUM-AMENITIES-STORAGE-8DA3E3,CAT-ES-GYMNASIUM-AMENITIES-35A8E9,Shared Spaces,Storage,12,Scored,EqualWeight,20,True
SUB-ES-GYMNASIUM-AMENITIES-DISPLAY-AND-PRESEN-47E91D,CAT-ES-GYMNASIUM-AMENITIES-35A8E9,Shared Spaces,Display and Presentation,12,Scored,EqualWeight,30,True
SUB-ES-GYMNASIUM-INFRASTRUC-UTILITIES-AND-TECH-88BE45,CAT-ES-GYMNASIUM-INFRASTRUCTURE-9A92E5,Shared Spaces,Utilities and Technology,12,Scored,EqualWeight,10,True
SUB-ES-GYMNASIUM-FUNCTION-ADJACENCY-AND-ACCE-FEFCED,CAT-ES-GYMNASIUM-FUNCTION-11FD08,Shared Spaces,Adjacency and Access,12,Scored,EqualWeight,10,True
SUB-WEIGHT-ROOM-FUNCTION-AVAILABILITY-12F24C,CAT-WEIGHT-ROOM-FUNCTION-55F532,Athletics and Wellness,Availability,12,Scored,EqualWeight,10,True
SUB-WEIGHT-ROOM-FUNCTION-ADJACENCY-AND-ACCE-A8445A,CAT-WEIGHT-ROOM-FUNCTION-55F532,Athletics and Wellness,Adjacency and Access,12,Scored,EqualWeight,20,True
SUB-WEIGHT-ROOM-AMENITIES-FURNITURE-AND-EQUI-650AEC,CAT-WEIGHT-ROOM-AMENITIES-5C97E5,Athletics and Wellness,Furniture and Equipment,12,Scored,EqualWeight,10,True
SUB-WEIGHT-ROOM-FUNCTION-LAYOUT-AND-FLEXIBI-87AB0D,CAT-WEIGHT-ROOM-FUNCTION-55F532,Athletics and Wellness,Layout and Flexibility,12,Scored,EqualWeight,30,True
SUB-WEIGHT-ROOM-OCCUPANT-E-CIRCULATION-AND-EG-F2F8EB,CAT-WEIGHT-ROOM-OCCUPANT-EXPERIENC-F78862,Athletics and Wellness,Circulation and Egress,12,Scored,EqualWeight,10,True
SUB-WEIGHT-ROOM-INFRASTRUC-UTILITIES-AND-TECH-CD97CD,CAT-WEIGHT-ROOM-INFRASTRUCTURE-E9A8D6,Athletics and Wellness,Utilities and Technology,12,Scored,EqualWeight,10,True
SUB-WRESTLING-FUNCTION-ADJACENCY-AND-ACCE-1A7AAB,CAT-WRESTLING-FUNCTION-27DCEC,Athletics and Wellness,Adjacency and Access,12,Scored,EqualWeight,10,True
SUB-WRESTLING-FUNCTION-LAYOUT-AND-FLEXIBI-760DC4,CAT-WRESTLING-FUNCTION-27DCEC,Athletics and Wellness,Layout and Flexibility,12,Scored,EqualWeight,20,True
SUB-WRESTLING-AMENITIES-FURNITURE-AND-EQUI-08E300,CAT-WRESTLING-AMENITIES-A5EEF1,Athletics and Wellness,Furniture and Equipment,12,Scored,EqualWeight,10,True
SUB-WRESTLING-OCCUPANT-E-CIRCULATION-AND-EG-DE0DA5,CAT-WRESTLING-OCCUPANT-EXPERIENC-7C2530,Athletics and Wellness,Circulation and Egress,12,Scored,EqualWeight,10,True
SUB-WRESTLING-AMENITIES-DISPLAY-AND-PRESEN-C4D38A,CAT-WRESTLING-AMENITIES-A5EEF1,Athletics and Wellness,Display and Presentation,12,Scored,EqualWeight,20,True
SUB-WRESTLING-INFRASTRUC-UTILITIES-AND-TECH-703541,CAT-WRESTLING-INFRASTRUCTURE-BE3E2A,Athletics and Wellness,Utilities and Technology,12,Scored,EqualWeight,10,True
SUB-LOCKER-ROOMS-FUNCTION-AVAILABILITY-2BEA02,CAT-LOCKER-ROOMS-FUNCTION-F3A348,Athletics and Wellness,Availability,12,Scored,EqualWeight,10,True
SUB-LOCKER-ROOMS-OCCUPANT-E-SAFETY-AND-SUPERVI-F11A24,CAT-LOCKER-ROOMS-OCCUPANT-EXPERIENC-D9024C,Athletics and Wellness,Safety and Supervision,12,Scored,EqualWeight,10,True
SUB-LOCKER-ROOMS-FUNCTION-ADJACENCY-AND-ACCE-3A7B7C,CAT-LOCKER-ROOMS-FUNCTION-F3A348,Athletics and Wellness,Adjacency and Access,12,Scored,EqualWeight,20,True
SUB-LOCKER-ROOMS-INFRASTRUC-UTILITIES-AND-TECH-023F5F,CAT-LOCKER-ROOMS-INFRASTRUCTURE-567374,Athletics and Wellness,Utilities and Technology,12,Scored,EqualWeight,10,True
SUB-PE-FITNESS-R-FUNCTION-LAYOUT-AND-FLEXIBI-E8FFC4,CAT-PE-FITNESS-ROOM-FUNCTION-9247CE,Athletics and Wellness,Layout and Flexibility,12,Scored,EqualWeight,10,True
SUB-PE-FITNESS-R-AMENITIES-DISPLAY-AND-PRESEN-6F5422,CAT-PE-FITNESS-ROOM-AMENITIES-146AEA,Athletics and Wellness,Display and Presentation,12,Scored,EqualWeight,10,True
SUB-PE-FITNESS-R-INFRASTRUC-UTILITIES-AND-TECH-CDE527,CAT-PE-FITNESS-ROOM-INFRASTRUCTURE-E77F86,Athletics and Wellness,Utilities and Technology,12,Scored,EqualWeight,10,True
SUB-PE-FITNESS-R-AMENITIES-FURNITURE-AND-EQUI-B5903A,CAT-PE-FITNESS-ROOM-AMENITIES-146AEA,Athletics and Wellness,Furniture and Equipment,12,Scored,EqualWeight,20,True
SUB-ATHLETICS-WI-FUNCTION-LAYOUT-AND-FLEXIBI-083627,CAT-ATHLETICS-WING-FUNCTION-14FFDA,Athletics and Wellness,Layout and Flexibility,12,Scored,EqualWeight,10,True
SUB-ATHLETICS-WI-FUNCTION-ADJACENCY-AND-ACCE-4136F6,CAT-ATHLETICS-WING-FUNCTION-14FFDA,Athletics and Wellness,Adjacency and Access,12,Scored,EqualWeight,20,True
SUB-ATHLETICS-WI-FUNCTION-AVAILABILITY-52CBB7,CAT-ATHLETICS-WING-FUNCTION-14FFDA,Athletics and Wellness,Availability,12,Scored,EqualWeight,30,True
SUB-ATHLETICS-WI-AMENITIES-STORAGE-77C653,CAT-ATHLETICS-WING-AMENITIES-5797E7,Athletics and Wellness,Storage,12,Scored,EqualWeight,10,True
SUB-OUTDOOR-ATHL-FUNCTION-AVAILABILITY-7EAA18,CAT-OUTDOOR-ATHLETIC-FUNCTION-A63ABB,Athletics and Wellness,Availability,12,Scored,EqualWeight,10,True
SUB-OUTDOOR-ATHL-INFRASTRUC-FLOORING-AND-SURFA-E47C3C,CAT-OUTDOOR-ATHLETIC-INFRASTRUCTURE-74D333,Athletics and Wellness,Flooring and Surface Finishes,12,Scored,EqualWeight,10,True
SUB-OUTDOOR-ATHL-AMENITIES-FURNITURE-AND-EQUI-4C1F28,CAT-OUTDOOR-ATHLETIC-AMENITIES-47CB0A,Athletics and Wellness,Furniture and Equipment,12,Scored,EqualWeight,10,True
SUB-OUTDOOR-ATHL-FUNCTION-ADJACENCY-AND-ACCE-978E8E,CAT-OUTDOOR-ATHLETIC-FUNCTION-A63ABB,Athletics and Wellness,Adjacency and Access,12,Scored,EqualWeight,20,True
SUB-OUTDOOR-ATHL-INFRASTRUC-UTILITIES-AND-TECH-78E4EF,CAT-OUTDOOR-ATHLETIC-INFRASTRUCTURE-74D333,Athletics and Wellness,Utilities and Technology,12,Scored,EqualWeight,20,True
SUB-OUTDOOR-ATHL-AMENITIES-STORAGE-48FA7B,CAT-OUTDOOR-ATHLETIC-AMENITIES-47CB0A,Athletics and Wellness,Storage,12,Scored,EqualWeight,20,True
SUB-OUTDOOR-ATHL-FUNCTION-LAYOUT-AND-FLEXIBI-F6B321,CAT-OUTDOOR-ATHLETIC-FUNCTION-A63ABB,Athletics and Wellness,Layout and Flexibility,12,Scored,EqualWeight,30,True
SUB-DINING-COMMO-OCCUPANT-E-AESTHETICS-4DC52C,CAT-DINING-COMMONS-OCCUPANT-EXPERIENC-564FEC,Shared Spaces,Aesthetics,12,Scored,EqualWeight,10,True
SUB-DINING-COMMO-INFRASTRUC-FLOORING-AND-SURFA-82646A,CAT-DINING-COMMONS-INFRASTRUCTURE-3C5972,Shared Spaces,Flooring and Surface Finishes,12,Scored,EqualWeight,10,True
SUB-DINING-COMMO-FUNCTION-ADJACENCY-AND-ACCE-F5BF28,CAT-DINING-COMMONS-FUNCTION-A797AA,Shared Spaces,Adjacency and Access,12,Scored,EqualWeight,10,True
SUB-DINING-COMMO-FUNCTION-AVAILABILITY-F8F4F7,CAT-DINING-COMMONS-FUNCTION-A797AA,Shared Spaces,Availability,12,Scored,EqualWeight,20,True
SUB-DINING-COMMO-OCCUPANT-E-SAFETY-AND-SUPERVI-132F1B,CAT-DINING-COMMONS-OCCUPANT-EXPERIENC-564FEC,Shared Spaces,Safety and Supervision,12,Scored,EqualWeight,20,True
SUB-DINING-COMMO-AMENITIES-FURNITURE-AND-EQUI-D0E377,CAT-DINING-COMMONS-AMENITIES-980C40,Shared Spaces,Furniture and Equipment,12,Scored,EqualWeight,10,True
SUB-DINING-COMMO-INFRASTRUC-UTILITIES-AND-TECH-524DF7,CAT-DINING-COMMONS-INFRASTRUCTURE-3C5972,Shared Spaces,Utilities and Technology,12,Scored,EqualWeight,20,True
SUB-DINING-COMMO-OCCUPANT-E-OCCUPANT-COMFORT-C25D64,CAT-DINING-COMMONS-OCCUPANT-EXPERIENC-564FEC,Shared Spaces,Occupant Comfort,12,Scored,EqualWeight,30,True
SUB-DINING-COMMO-AMENITIES-DISPLAY-AND-PRESEN-338F6A,CAT-DINING-COMMONS-AMENITIES-980C40,Shared Spaces,Display and Presentation,12,Scored,EqualWeight,20,True
SUB-DINING-COMMO-AMENITIES-STORAGE-F0ACE8,CAT-DINING-COMMONS-AMENITIES-980C40,Shared Spaces,Storage,12,Scored,EqualWeight,30,True
SUB-DINING-COMMO-OBSERVATIO-OBSERVATIONAL-D2E1C3,CAT-DINING-COMMONS-OBSERVATIONAL-E3F748,Shared Spaces,Observational,0,RecordedOnly,EqualWeight_Unscored,10,True
SUB-KITCHEN-FUNCTION-AVAILABILITY-F964D4,CAT-KITCHEN-FUNCTION-0374BD,Shared Spaces,Availability,12,Scored,EqualWeight,10,True
SUB-KITCHEN-FUNCTION-CIRCULATION-AND-EG-6B9DA7,CAT-KITCHEN-FUNCTION-0374BD,Shared Spaces,Circulation and Egress,12,Scored,EqualWeight,20,True
SUB-KITCHEN-FUNCTION-ADJACENCY-AND-ACCE-6272C4,CAT-KITCHEN-FUNCTION-0374BD,Shared Spaces,Adjacency and Access,12,Scored,EqualWeight,30,True
SUB-KITCHEN-INFRASTRUC-UTILITIES-AND-TECH-668C4A,CAT-KITCHEN-INFRASTRUCTURE-4E6180,Shared Spaces,Utilities and Technology,12,Scored,EqualWeight,10,True
SUB-EMPOWER-CENT-FUNCTION-ADJACENCY-AND-ACCE-538E1F,CAT-EMPOWER-CENTER-FUNCTION-E63654,Empower Center,Adjacency and Access,12,Scored,EqualWeight,10,True
SUB-EMPOWER-CENT-FUNCTION-AVAILABILITY-6E936A,CAT-EMPOWER-CENTER-FUNCTION-E63654,Empower Center,Availability,12,Scored,EqualWeight,20,True
SUB-EMPOWER-CENT-FUNCTION-LAYOUT-AND-FLEXIBI-05177A,CAT-EMPOWER-CENTER-FUNCTION-E63654,Empower Center,Layout and Flexibility,12,Scored,EqualWeight,30,True
SUB-EMPOWER-CENT-INFRASTRUC-UTILITIES-AND-TECH-32BCA8,CAT-EMPOWER-CENTER-INFRASTRUCTURE-60A8C5,Empower Center,Utilities and Technology,12,Scored,EqualWeight,10,True
SUB-EMPOWER-CENT-OCCUPANT-E-AESTHETICS-B926C3,CAT-EMPOWER-CENTER-OCCUPANT-EXPERIENC-FC3C38,Empower Center,Aesthetics,12,Scored,EqualWeight,10,True
SUB-EMPOWER-CENT-OCCUPANT-E-OCCUPANT-COMFORT-9D71E9,CAT-EMPOWER-CENTER-OCCUPANT-EXPERIENC-FC3C38,Empower Center,Occupant Comfort,12,Scored,EqualWeight,20,True
SUB-EMPOWER-CENT-AMENITIES-DISPLAY-AND-PRESEN-4777F6,CAT-EMPOWER-CENTER-AMENITIES-97A1E7,Empower Center,Display and Presentation,12,Scored,EqualWeight,10,True
SUB-EMPOWER-CENT-OCCUPANT-E-SAFETY-AND-SUPERVI-358EFB,CAT-EMPOWER-CENTER-OCCUPANT-EXPERIENC-FC3C38,Empower Center,Safety and Supervision,12,Scored,EqualWeight,30,True
SUB-EMPOWER-CENT-AMENITIES-FURNITURE-AND-EQUI-2A7FAC,CAT-EMPOWER-CENTER-AMENITIES-97A1E7,Empower Center,Furniture and Equipment,12,Scored,EqualWeight,20,True
SUB-EMPOWER-CENT-INFRASTRUC-FLOORING-AND-SURFA-3F1360,CAT-EMPOWER-CENTER-INFRASTRUCTURE-60A8C5,Empower Center,Flooring and Surface Finishes,12,Scored,EqualWeight,20,True
SUB-EMPOWER-CENT-OCCUPANT-E-CIRCULATION-AND-EG-19842D,CAT-EMPOWER-CENTER-OCCUPANT-EXPERIENC-FC3C38,Empower Center,Circulation and Egress,12,Scored,EqualWeight,40,True
SUB-NEIGHBORHOOD-OCCUPANT-E-SAFETY-AND-SUPERVI-63AE1B,CAT-NEIGHBORHOOD-OCCUPANT-EXPERIENC-E11790,Neighborhoods,Safety and Supervision,12,Scored,EqualWeight,10,True
SUB-NEIGHBORHOOD-FUNCTION-LAYOUT-AND-FLEXIBI-DDE82B,CAT-NEIGHBORHOOD-FUNCTION-1E098F,Neighborhoods,Layout and Flexibility,12,Scored,EqualWeight,10,True
SUB-NEIGHBORHOOD-FUNCTION-AVAILABILITY-6F82FD,CAT-NEIGHBORHOOD-FUNCTION-1E098F,Neighborhoods,Availability,12,Scored,EqualWeight,20,True
SUB-NEIGHBORHOOD-FUNCTION-ADJACENCY-AND-ACCE-C7A628,CAT-NEIGHBORHOOD-FUNCTION-1E098F,Neighborhoods,Adjacency and Access,12,Scored,EqualWeight,30,True
SUB-NEIGHBORHOOD-INFRASTRUC-LAYOUT-AND-FLEXIBI-901716,CAT-NEIGHBORHOOD-INFRASTRUCTURE-E429BE,Neighborhoods,Layout and Flexibility,12,Scored,EqualWeight,10,True
SUB-NEIGHBORHOOD-OBSERVATIO-OBSERVATIONAL-A71116,CAT-NEIGHBORHOOD-OBSERVATIONAL-86CC14,Neighborhoods,Observational,0,RecordedOnly,EqualWeight_Unscored,10,True
SUB-EARLY-CHILDH-OCCUPANT-E-SAFETY-AND-SUPERVI-C27AEA,CAT-EARLY-CHILDHOOD--OCCUPANT-EXPERIENC-676E2B,Neighborhoods,Safety and Supervision,12,Scored,EqualWeight,10,True
SUB-EARLY-CHILDH-FUNCTION-LAYOUT-AND-FLEXIBI-1AC804,CAT-EARLY-CHILDHOOD--FUNCTION-F29323,Neighborhoods,Layout and Flexibility,12,Scored,EqualWeight,10,True
SUB-EARLY-CHILDH-FUNCTION-AVAILABILITY-1BFB3E,CAT-EARLY-CHILDHOOD--FUNCTION-F29323,Neighborhoods,Availability,12,Scored,EqualWeight,20,True
SUB-EARLY-CHILDH-FUNCTION-ADJACENCY-AND-ACCE-C0E8E9,CAT-EARLY-CHILDHOOD--FUNCTION-F29323,Neighborhoods,Adjacency and Access,12,Scored,EqualWeight,30,True
SUB-EARLY-CHILDH-INFRASTRUC-LAYOUT-AND-FLEXIBI-33B633,CAT-EARLY-CHILDHOOD--INFRASTRUCTURE-728E1F,Neighborhoods,Layout and Flexibility,12,Scored,EqualWeight,10,True
SUB-GROUP-ROOM-INFRASTRUC-UTILITIES-AND-TECH-EB266E,CAT-GROUP-ROOM-INFRASTRUCTURE-0F200D,Neighborhoods,Utilities and Technology,12,Scored,EqualWeight,10,True
SUB-GROUP-ROOM-AMENITIES-DISPLAY-AND-PRESEN-2B91F3,CAT-GROUP-ROOM-AMENITIES-A20127,Neighborhoods,Display and Presentation,12,Scored,EqualWeight,10,True
SUB-GROUP-ROOM-OCCUPANT-E-SAFETY-AND-SUPERVI-A5F184,CAT-GROUP-ROOM-OCCUPANT-EXPERIENC-97A6BC,Neighborhoods,Safety and Supervision,12,Scored,EqualWeight,10,True
SUB-GROUP-ROOM-AMENITIES-FURNITURE-AND-EQUI-D3D174,CAT-GROUP-ROOM-AMENITIES-A20127,Neighborhoods,Furniture and Equipment,12,Scored,EqualWeight,20,True
SUB-GROUP-ROOM-OBSERVATIO-OBSERVATIONAL-E420EF,CAT-GROUP-ROOM-OBSERVATIONAL-F98329,Neighborhoods,Observational,0,RecordedOnly,EqualWeight_Unscored,10,True
SUB-OPEN-COLLABO-AMENITIES-DISPLAY-AND-PRESEN-3AB76F,CAT-OPEN-COLLABORATI-AMENITIES-8C89B3,Neighborhoods,Display and Presentation,12,Scored,EqualWeight,10,True
SUB-OPEN-COLLABO-INFRASTRUC-UTILITIES-AND-TECH-0657A9,CAT-OPEN-COLLABORATI-INFRASTRUCTURE-320BD5,Neighborhoods,Utilities and Technology,12,Scored,EqualWeight,10,True
SUB-OPEN-COLLABO-OCCUPANT-E-SAFETY-AND-SUPERVI-66DAAA,CAT-OPEN-COLLABORATI-OCCUPANT-EXPERIENC-C9CF31,Neighborhoods,Safety and Supervision,12,Scored,EqualWeight,10,True
SUB-OPEN-COLLABO-FUNCTION-ADJACENCY-AND-ACCE-442AE1,CAT-OPEN-COLLABORATI-FUNCTION-D6A811,Neighborhoods,Adjacency and Access,12,Scored,EqualWeight,10,True
SUB-OPEN-COLLABO-AMENITIES-FURNITURE-AND-EQUI-788DA5,CAT-OPEN-COLLABORATI-AMENITIES-8C89B3,Neighborhoods,Furniture and Equipment,12,Scored,EqualWeight,20,True
SUB-OPEN-COLLABO-INFRASTRUC-FLOORING-AND-SURFA-54869F,CAT-OPEN-COLLABORATI-INFRASTRUCTURE-320BD5,Neighborhoods,Flooring and Surface Finishes,12,Scored,EqualWeight,20,True
SUB-OPEN-COLLABO-OBSERVATIO-OBSERVATIONAL-62FF0F,CAT-OPEN-COLLABORATI-OBSERVATIONAL-AC4454,Neighborhoods,Observational,0,RecordedOnly,EqualWeight_Unscored,10,True
SUB-CTE-STUDIO-FUNCTION-ADJACENCY-AND-ACCE-B8C174,CAT-CTE-STUDIO-FUNCTION-92C9F4,CTE,Adjacency and Access,12,Scored,EqualWeight,10,True
SUB-CTE-STUDIO-FUNCTION-LAYOUT-AND-FLEXIBI-AFDC56,CAT-CTE-STUDIO-FUNCTION-92C9F4,CTE,Layout and Flexibility,12,Scored,EqualWeight,20,True
SUB-CTE-STUDIO-INFRASTRUC-UTILITIES-AND-TECH-34EB6F,CAT-CTE-STUDIO-INFRASTRUCTURE-DB61F1,CTE,Utilities and Technology,12,Scored,EqualWeight,10,True
SUB-CTE-STUDIO-OCCUPANT-E-AESTHETICS-D5B4A1,CAT-CTE-STUDIO-OCCUPANT-EXPERIENC-8F9903,CTE,Aesthetics,12,Scored,EqualWeight,10,True
SUB-CTE-STUDIO-OCCUPANT-E-OCCUPANT-COMFORT-20A958,CAT-CTE-STUDIO-OCCUPANT-EXPERIENC-8F9903,CTE,Occupant Comfort,12,Scored,EqualWeight,20,True
SUB-CTE-STUDIO-AMENITIES-DISPLAY-AND-PRESEN-47FFE3,CAT-CTE-STUDIO-AMENITIES-CD7E20,CTE,Display and Presentation,12,Scored,EqualWeight,10,True
SUB-CTE-STUDIO-OCCUPANT-E-SAFETY-AND-SUPERVI-E9E7B2,CAT-CTE-STUDIO-OCCUPANT-EXPERIENC-8F9903,CTE,Safety and Supervision,12,Scored,EqualWeight,30,True
SUB-CTE-STUDIO-AMENITIES-FURNITURE-AND-EQUI-928FEB,CAT-CTE-STUDIO-AMENITIES-CD7E20,CTE,Furniture and Equipment,12,Scored,EqualWeight,20,True
SUB-CTE-STUDIO-AMENITIES-STORAGE-D48BE2,CAT-CTE-STUDIO-AMENITIES-CD7E20,CTE,Storage,12,Scored,EqualWeight,30,True
SUB-CTE-STUDIO-INFRASTRUC-FLOORING-AND-SURFA-CD3808,CAT-CTE-STUDIO-INFRASTRUCTURE-DB61F1,CTE,Flooring and Surface Finishes,12,Scored,EqualWeight,20,True
SUB-CTE-STUDIO-OBSERVATIO-OBSERVATIONAL-A4CB10,CAT-CTE-STUDIO-OBSERVATIONAL-1414FC,CTE,Observational,0,RecordedOnly,EqualWeight_Unscored,10,True
SUB-LOW-INTENSIT-FUNCTION-ADJACENCY-AND-ACCE-E5A990,CAT-LOW-INTENSITY-LA-FUNCTION-24EAE4,CTE,Adjacency and Access,12,Scored,EqualWeight,10,True
SUB-LOW-INTENSIT-FUNCTION-LAYOUT-AND-FLEXIBI-AEE994,CAT-LOW-INTENSITY-LA-FUNCTION-24EAE4,CTE,Layout and Flexibility,12,Scored,EqualWeight,20,True
SUB-LOW-INTENSIT-INFRASTRUC-UTILITIES-AND-TECH-E424C4,CAT-LOW-INTENSITY-LA-INFRASTRUCTURE-C80E3D,CTE,Utilities and Technology,12,Scored,EqualWeight,10,True
SUB-LOW-INTENSIT-OCCUPANT-E-AESTHETICS-03FA65,CAT-LOW-INTENSITY-LA-OCCUPANT-EXPERIENC-4F8688,CTE,Aesthetics,12,Scored,EqualWeight,10,True
SUB-LOW-INTENSIT-OCCUPANT-E-OCCUPANT-COMFORT-303AE8,CAT-LOW-INTENSITY-LA-OCCUPANT-EXPERIENC-4F8688,CTE,Occupant Comfort,12,Scored,EqualWeight,20,True
SUB-LOW-INTENSIT-OCCUPANT-E-SAFETY-AND-SUPERVI-29FAD4,CAT-LOW-INTENSITY-LA-OCCUPANT-EXPERIENC-4F8688,CTE,Safety and Supervision,12,Scored,EqualWeight,30,True
SUB-LOW-INTENSIT-AMENITIES-STORAGE-E6DA31,CAT-LOW-INTENSITY-LA-AMENITIES-C75B6A,CTE,Storage,12,Scored,EqualWeight,10,True
SUB-LOW-INTENSIT-INFRASTRUC-FLOORING-AND-SURFA-7A7345,CAT-LOW-INTENSITY-LA-INFRASTRUCTURE-C80E3D,CTE,Flooring and Surface Finishes,12,Scored,EqualWeight,20,True
SUB-LOW-INTENSIT-AMENITIES-DISPLAY-AND-PRESEN-1C40BB,CAT-LOW-INTENSITY-LA-AMENITIES-C75B6A,CTE,Display and Presentation,12,Scored,EqualWeight,20,True
SUB-LOW-INTENSIT-FUNCTION-UTILITIES-AND-TECH-B8A5AC,CAT-LOW-INTENSITY-LA-FUNCTION-24EAE4,CTE,Utilities and Technology,12,Scored,EqualWeight,30,True
SUB-LOW-INTENSIT-OCCUPANT-E-CIRCULATION-AND-EG-C48B69,CAT-LOW-INTENSITY-LA-OCCUPANT-EXPERIENC-4F8688,CTE,Circulation and Egress,12,Scored,EqualWeight,40,True
SUB-LOW-INTENSIT-AMENITIES-FURNITURE-AND-EQUI-25982B,CAT-LOW-INTENSITY-LA-AMENITIES-C75B6A,CTE,Furniture and Equipment,12,Scored,EqualWeight,30,True
SUB-LOW-INTENSIT-OBSERVATIO-OBSERVATIONAL-0D122C,CAT-LOW-INTENSITY-LA-OBSERVATIONAL-7203F0,CTE,Observational,0,RecordedOnly,EqualWeight_Unscored,10,True
SUB-MEDIUM-INTEN-INFRASTRUC-FLOORING-AND-SURFA-60E314,CAT-MEDIUM-INTENSITY-INFRASTRUCTURE-3FFB3F,CTE,Flooring and Surface Finishes,12,Scored,EqualWeight,10,True
SUB-MEDIUM-INTEN-FUNCTION-ADJACENCY-AND-ACCE-B57B16,CAT-MEDIUM-INTENSITY-FUNCTION-9418F3,CTE,Adjacency and Access,12,Scored,EqualWeight,10,True
SUB-MEDIUM-INTEN-INFRASTRUC-UTILITIES-AND-TECH-B29872,CAT-MEDIUM-INTENSITY-INFRASTRUCTURE-3FFB3F,CTE,Utilities and Technology,12,Scored,EqualWeight,20,True
SUB-MEDIUM-INTEN-OCCUPANT-E-AESTHETICS-F188D9,CAT-MEDIUM-INTENSITY-OCCUPANT-EXPERIENC-062FA6,CTE,Aesthetics,12,Scored,EqualWeight,10,True
SUB-MEDIUM-INTEN-OCCUPANT-E-OCCUPANT-COMFORT-4EFAD6,CAT-MEDIUM-INTENSITY-OCCUPANT-EXPERIENC-062FA6,CTE,Occupant Comfort,12,Scored,EqualWeight,20,True
SUB-MEDIUM-INTEN-OCCUPANT-E-SAFETY-AND-SUPERVI-D9B0BB,CAT-MEDIUM-INTENSITY-OCCUPANT-EXPERIENC-062FA6,CTE,Safety and Supervision,12,Scored,EqualWeight,30,True
SUB-MEDIUM-INTEN-AMENITIES-DISPLAY-AND-PRESEN-B1E6FE,CAT-MEDIUM-INTENSITY-AMENITIES-3BF5F7,CTE,Display and Presentation,12,Scored,EqualWeight,10,True
SUB-MEDIUM-INTEN-OCCUPANT-E-CIRCULATION-AND-EG-3A8C0A,CAT-MEDIUM-INTENSITY-OCCUPANT-EXPERIENC-062FA6,CTE,Circulation and Egress,12,Scored,EqualWeight,40,True
SUB-MEDIUM-INTEN-AMENITIES-FURNITURE-AND-EQUI-AA1EDF,CAT-MEDIUM-INTENSITY-AMENITIES-3BF5F7,CTE,Furniture and Equipment,12,Scored,EqualWeight,20,True
SUB-MEDIUM-INTEN-OBSERVATIO-OBSERVATIONAL-363582,CAT-MEDIUM-INTENSITY-OBSERVATIONAL-6EFFAA,CTE,Observational,0,RecordedOnly,EqualWeight_Unscored,10,True
SUB-HIGH-INTENSI-INFRASTRUC-FLOORING-AND-SURFA-EE708F,CAT-HIGH-INTENSITY-L-INFRASTRUCTURE-46C429,CTE,Flooring and Surface Finishes,12,Scored,EqualWeight,10,True
SUB-HIGH-INTENSI-FUNCTION-ADJACENCY-AND-ACCE-5A19A7,CAT-HIGH-INTENSITY-L-FUNCTION-62E92E,CTE,Adjacency and Access,12,Scored,EqualWeight,10,True
SUB-HIGH-INTENSI-OCCUPANT-E-SAFETY-AND-SUPERVI-EE26CC,CAT-HIGH-INTENSITY-L-OCCUPANT-EXPERIENC-4BD768,CTE,Safety and Supervision,12,Scored,EqualWeight,10,True
SUB-HIGH-INTENSI-INFRASTRUC-UTILITIES-AND-TECH-D8D46D,CAT-HIGH-INTENSITY-L-INFRASTRUCTURE-46C429,CTE,Utilities and Technology,12,Scored,EqualWeight,20,True
SUB-HIGH-INTENSI-OCCUPANT-E-AESTHETICS-5923C3,CAT-HIGH-INTENSITY-L-OCCUPANT-EXPERIENC-4BD768,CTE,Aesthetics,12,Scored,EqualWeight,20,True
SUB-HIGH-INTENSI-OCCUPANT-E-OCCUPANT-COMFORT-D1B70D,CAT-HIGH-INTENSITY-L-OCCUPANT-EXPERIENC-4BD768,CTE,Occupant Comfort,12,Scored,EqualWeight,30,True
SUB-HIGH-INTENSI-AMENITIES-DISPLAY-AND-PRESEN-1E92D3,CAT-HIGH-INTENSITY-L-AMENITIES-155229,CTE,Display and Presentation,12,Scored,EqualWeight,10,True
SUB-HIGH-INTENSI-OCCUPANT-E-CIRCULATION-AND-EG-139252,CAT-HIGH-INTENSITY-L-OCCUPANT-EXPERIENC-4BD768,CTE,Circulation and Egress,12,Scored,EqualWeight,40,True
SUB-HIGH-INTENSI-AMENITIES-FURNITURE-AND-EQUI-5D0482,CAT-HIGH-INTENSITY-L-AMENITIES-155229,CTE,Furniture and Equipment,12,Scored,EqualWeight,20,True
SUB-HIGH-INTENSI-OBSERVATIO-OBSERVATIONAL-BA7A88,CAT-HIGH-INTENSITY-L-OBSERVATIONAL-8923C9,CTE,Observational,0,RecordedOnly,EqualWeight_Unscored,10,True
SUB-ART-STUDIO-FUNCTION-LAYOUT-AND-FLEXIBI-D03607,CAT-ART-STUDIO-FUNCTION-C8A2B6,Studios,Layout and Flexibility,12,Scored,EqualWeight,10,True
SUB-ART-STUDIO-INFRASTRUC-UTILITIES-AND-TECH-E10A9F,CAT-ART-STUDIO-INFRASTRUCTURE-5A750F,Studios,Utilities and Technology,12,Scored,EqualWeight,10,True
SUB-ART-STUDIO-FUNCTION-ADJACENCY-AND-ACCE-35E041,CAT-ART-STUDIO-FUNCTION-C8A2B6,Studios,Adjacency and Access,12,Scored,EqualWeight,20,True
SUB-ART-STUDIO-OCCUPANT-E-AESTHETICS-5453DF,CAT-ART-STUDIO-OCCUPANT-EXPERIENC-AE3FC8,Studios,Aesthetics,12,Scored,EqualWeight,10,True
SUB-ART-STUDIO-OCCUPANT-E-OCCUPANT-COMFORT-B08CE2,CAT-ART-STUDIO-OCCUPANT-EXPERIENC-AE3FC8,Studios,Occupant Comfort,12,Scored,EqualWeight,20,True
SUB-ART-STUDIO-AMENITIES-STORAGE-D7D072,CAT-ART-STUDIO-AMENITIES-EB70EC,Studios,Storage,12,Scored,EqualWeight,10,True
SUB-ART-STUDIO-INFRASTRUC-FLOORING-AND-SURFA-C9DF72,CAT-ART-STUDIO-INFRASTRUCTURE-5A750F,Studios,Flooring and Surface Finishes,12,Scored,EqualWeight,20,True
SUB-ART-STUDIO-AMENITIES-DISPLAY-AND-PRESEN-6DEFD3,CAT-ART-STUDIO-AMENITIES-EB70EC,Studios,Display and Presentation,12,Scored,EqualWeight,20,True
SUB-ART-STUDIO-OCCUPANT-E-SAFETY-AND-SUPERVI-0FAF94,CAT-ART-STUDIO-OCCUPANT-EXPERIENC-AE3FC8,Studios,Safety and Supervision,12,Scored,EqualWeight,30,True
SUB-ART-STUDIO-AMENITIES-FURNITURE-AND-EQUI-6B872A,CAT-ART-STUDIO-AMENITIES-EB70EC,Studios,Furniture and Equipment,12,Scored,EqualWeight,30,True
SUB-ART-STUDIO-OBSERVATIO-OBSERVATIONAL-6FC1BC,CAT-ART-STUDIO-OBSERVATIONAL-9FA052,Studios,Observational,0,RecordedOnly,EqualWeight_Unscored,10,True
SUB-2D-ART-STUDI-FUNCTION-LAYOUT-AND-FLEXIBI-DC1049,CAT-2D-ART-STUDIO-FUNCTION-850ED6,Studios,Layout and Flexibility,12,Scored,EqualWeight,10,True
SUB-2D-ART-STUDI-INFRASTRUC-UTILITIES-AND-TECH-B2BC77,CAT-2D-ART-STUDIO-INFRASTRUCTURE-3B402F,Studios,Utilities and Technology,12,Scored,EqualWeight,10,True
SUB-2D-ART-STUDI-OCCUPANT-E-AESTHETICS-578087,CAT-2D-ART-STUDIO-OCCUPANT-EXPERIENC-9428DD,Studios,Aesthetics,12,Scored,EqualWeight,10,True
SUB-2D-ART-STUDI-OCCUPANT-E-OCCUPANT-COMFORT-323821,CAT-2D-ART-STUDIO-OCCUPANT-EXPERIENC-9428DD,Studios,Occupant Comfort,12,Scored,EqualWeight,20,True
SUB-2D-ART-STUDI-AMENITIES-STORAGE-FD42F2,CAT-2D-ART-STUDIO-AMENITIES-93B1AF,Studios,Storage,12,Scored,EqualWeight,10,True
SUB-2D-ART-STUDI-INFRASTRUC-FLOORING-AND-SURFA-4E2D62,CAT-2D-ART-STUDIO-INFRASTRUCTURE-3B402F,Studios,Flooring and Surface Finishes,12,Scored,EqualWeight,20,True
SUB-2D-ART-STUDI-AMENITIES-DISPLAY-AND-PRESEN-B28A09,CAT-2D-ART-STUDIO-AMENITIES-93B1AF,Studios,Display and Presentation,12,Scored,EqualWeight,20,True
SUB-2D-ART-STUDI-OCCUPANT-E-SAFETY-AND-SUPERVI-E9AAFC,CAT-2D-ART-STUDIO-OCCUPANT-EXPERIENC-9428DD,Studios,Safety and Supervision,12,Scored,EqualWeight,30,True
SUB-2D-ART-STUDI-AMENITIES-FURNITURE-AND-EQUI-E623CD,CAT-2D-ART-STUDIO-AMENITIES-93B1AF,Studios,Furniture and Equipment,12,Scored,EqualWeight,30,True
SUB-2D-ART-STUDI-FUNCTION-ADJACENCY-AND-ACCE-BAA069,CAT-2D-ART-STUDIO-FUNCTION-850ED6,Studios,Adjacency and Access,12,Scored,EqualWeight,20,True
SUB-2D-ART-STUDI-FUNCTION-AVAILABILITY-64F6B6,CAT-2D-ART-STUDIO-FUNCTION-850ED6,Studios,Availability,12,Scored,EqualWeight,30,True
SUB-2D-ART-STUDI-OBSERVATIO-OBSERVATIONAL-8BB9FC,CAT-2D-ART-STUDIO-OBSERVATIONAL-07CE3F,Studios,Observational,0,RecordedOnly,EqualWeight_Unscored,10,True
SUB-3D-ART-STUDI-FUNCTION-LAYOUT-AND-FLEXIBI-71181F,CAT-3D-ART-STUDIO-FUNCTION-601C9A,Studios,Layout and Flexibility,12,Scored,EqualWeight,10,True
SUB-3D-ART-STUDI-INFRASTRUC-UTILITIES-AND-TECH-C03ED0,CAT-3D-ART-STUDIO-INFRASTRUCTURE-8BE67F,Studios,Utilities and Technology,12,Scored,EqualWeight,10,True
SUB-3D-ART-STUDI-FUNCTION-ADJACENCY-AND-ACCE-554C2E,CAT-3D-ART-STUDIO-FUNCTION-601C9A,Studios,Adjacency and Access,12,Scored,EqualWeight,20,True
SUB-3D-ART-STUDI-OCCUPANT-E-AESTHETICS-EE5531,CAT-3D-ART-STUDIO-OCCUPANT-EXPERIENC-D3D8F4,Studios,Aesthetics,12,Scored,EqualWeight,10,True
SUB-3D-ART-STUDI-OCCUPANT-E-OCCUPANT-COMFORT-6A6DBC,CAT-3D-ART-STUDIO-OCCUPANT-EXPERIENC-D3D8F4,Studios,Occupant Comfort,12,Scored,EqualWeight,20,True
SUB-3D-ART-STUDI-AMENITIES-STORAGE-CFFC90,CAT-3D-ART-STUDIO-AMENITIES-CD31ED,Studios,Storage,12,Scored,EqualWeight,10,True
SUB-3D-ART-STUDI-INFRASTRUC-FLOORING-AND-SURFA-D52015,CAT-3D-ART-STUDIO-INFRASTRUCTURE-8BE67F,Studios,Flooring and Surface Finishes,12,Scored,EqualWeight,20,True
SUB-3D-ART-STUDI-AMENITIES-DISPLAY-AND-PRESEN-C4B85A,CAT-3D-ART-STUDIO-AMENITIES-CD31ED,Studios,Display and Presentation,12,Scored,EqualWeight,20,True
SUB-3D-ART-STUDI-OCCUPANT-E-SAFETY-AND-SUPERVI-9B3579,CAT-3D-ART-STUDIO-OCCUPANT-EXPERIENC-D3D8F4,Studios,Safety and Supervision,12,Scored,EqualWeight,30,True
SUB-3D-ART-STUDI-AMENITIES-FURNITURE-AND-EQUI-55B48A,CAT-3D-ART-STUDIO-AMENITIES-CD31ED,Studios,Furniture and Equipment,12,Scored,EqualWeight,30,True
SUB-DIGITAL-ARTS-FUNCTION-LAYOUT-AND-FLEXIBI-FA3941,CAT-DIGITAL-ARTS-STU-FUNCTION-5B3E8E,Studios,Layout and Flexibility,12,Scored,EqualWeight,10,True
SUB-DIGITAL-ARTS-INFRASTRUC-UTILITIES-AND-TECH-9D5D91,CAT-DIGITAL-ARTS-STU-INFRASTRUCTURE-3ACD00,Studios,Utilities and Technology,12,Scored,EqualWeight,10,True
SUB-DIGITAL-ARTS-OCCUPANT-E-AESTHETICS-464B9B,CAT-DIGITAL-ARTS-STU-OCCUPANT-EXPERIENC-84C05E,Studios,Aesthetics,12,Scored,EqualWeight,10,True
SUB-DIGITAL-ARTS-OCCUPANT-E-OCCUPANT-COMFORT-75D5B0,CAT-DIGITAL-ARTS-STU-OCCUPANT-EXPERIENC-84C05E,Studios,Occupant Comfort,12,Scored,EqualWeight,20,True
SUB-DIGITAL-ARTS-AMENITIES-STORAGE-B8C5F8,CAT-DIGITAL-ARTS-STU-AMENITIES-92D6C3,Studios,Storage,12,Scored,EqualWeight,10,True
SUB-DIGITAL-ARTS-AMENITIES-DISPLAY-AND-PRESEN-AA0045,CAT-DIGITAL-ARTS-STU-AMENITIES-92D6C3,Studios,Display and Presentation,12,Scored,EqualWeight,20,True
SUB-DIGITAL-ARTS-OCCUPANT-E-SAFETY-AND-SUPERVI-AA20F4,CAT-DIGITAL-ARTS-STU-OCCUPANT-EXPERIENC-84C05E,Studios,Safety and Supervision,12,Scored,EqualWeight,30,True
SUB-DIGITAL-ARTS-AMENITIES-FURNITURE-AND-EQUI-D55FB0,CAT-DIGITAL-ARTS-STU-AMENITIES-92D6C3,Studios,Furniture and Equipment,12,Scored,EqualWeight,30,True
SUB-DIGITAL-ARTS-INFRASTRUC-FLOORING-AND-SURFA-979F77,CAT-DIGITAL-ARTS-STU-INFRASTRUCTURE-3ACD00,Studios,Flooring and Surface Finishes,12,Scored,EqualWeight,20,True
SUB-DIGITAL-ARTS-FUNCTION-ADJACENCY-AND-ACCE-49B23D,CAT-DIGITAL-ARTS-STU-FUNCTION-5B3E8E,Studios,Adjacency and Access,12,Scored,EqualWeight,20,True
SUB-DIGITAL-ARTS-FUNCTION-AVAILABILITY-378469,CAT-DIGITAL-ARTS-STU-FUNCTION-5B3E8E,Studios,Availability,12,Scored,EqualWeight,30,True
SUB-THEATER-ARTS-INFRASTRUC-UTILITIES-AND-TECH-EFEEBC,CAT-THEATER-ARTS-STU-INFRASTRUCTURE-3E22A2,Performing Arts,Utilities and Technology,12,Scored,EqualWeight,10,True
SUB-THEATER-ARTS-OCCUPANT-E-AESTHETICS-237E4E,CAT-THEATER-ARTS-STU-OCCUPANT-EXPERIENC-17F3EA,Performing Arts,Aesthetics,12,Scored,EqualWeight,10,True
SUB-THEATER-ARTS-OCCUPANT-E-OCCUPANT-COMFORT-917DA0,CAT-THEATER-ARTS-STU-OCCUPANT-EXPERIENC-17F3EA,Performing Arts,Occupant Comfort,12,Scored,EqualWeight,20,True
SUB-THEATER-ARTS-AMENITIES-STORAGE-7CC7C0,CAT-THEATER-ARTS-STU-AMENITIES-AD84D4,Performing Arts,Storage,12,Scored,EqualWeight,10,True
SUB-THEATER-ARTS-AMENITIES-DISPLAY-AND-PRESEN-E4647A,CAT-THEATER-ARTS-STU-AMENITIES-AD84D4,Performing Arts,Display and Presentation,12,Scored,EqualWeight,20,True
SUB-THEATER-ARTS-OCCUPANT-E-SAFETY-AND-SUPERVI-FBEADF,CAT-THEATER-ARTS-STU-OCCUPANT-EXPERIENC-17F3EA,Performing Arts,Safety and Supervision,12,Scored,EqualWeight,30,True
SUB-THEATER-ARTS-INFRASTRUC-FLOORING-AND-SURFA-21D803,CAT-THEATER-ARTS-STU-INFRASTRUCTURE-3E22A2,Performing Arts,Flooring and Surface Finishes,12,Scored,EqualWeight,20,True
SUB-THEATER-ARTS-FUNCTION-ADJACENCY-AND-ACCE-8CEE94,CAT-THEATER-ARTS-STU-FUNCTION-5CDC61,Performing Arts,Adjacency and Access,12,Scored,EqualWeight,10,True
SUB-THEATER-ARTS-OBSERVATIO-OBSERVATIONAL-F51452,CAT-THEATER-ARTS-STU-OBSERVATIONAL-EC2C79,Performing Arts,Observational,0,RecordedOnly,EqualWeight_Unscored,10,True
SUB-THEATER-ARTS-FUNCTION-LAYOUT-AND-FLEXIBI-A058A2,CAT-THEATER-ARTS-SUI-FUNCTION-87D48D,Performing Arts,Layout and Flexibility,12,Scored,EqualWeight,10,True
SUB-THEATER-ARTS-FUNCTION-AVAILABILITY-CA5206,CAT-THEATER-ARTS-SUI-FUNCTION-87D48D,Performing Arts,Availability,12,Scored,EqualWeight,20,True
SUB-THEATER-ARTS-FUNCTION-ADJACENCY-AND-ACCE-E9D418,CAT-THEATER-ARTS-SUI-FUNCTION-87D48D,Performing Arts,Adjacency and Access,12,Scored,EqualWeight,30,True
SUB-AUDITORIUM-FUNCTION-ADJACENCY-AND-ACCE-5E7581,CAT-AUDITORIUM-FUNCTION-4746ED,Performing Arts,Adjacency and Access,12,Scored,EqualWeight,10,True
SUB-AUDITORIUM-OCCUPANT-E-CIRCULATION-AND-EG-94E0AE,CAT-AUDITORIUM-OCCUPANT-EXPERIENC-742766,Performing Arts,Circulation and Egress,12,Scored,EqualWeight,10,True
SUB-AUDITORIUM-AMENITIES-STORAGE-91CA76,CAT-AUDITORIUM-AMENITIES-0FD65B,Performing Arts,Storage,12,Scored,EqualWeight,10,True
SUB-AUDITORIUM-AMENITIES-DISPLAY-AND-PRESEN-9945A6,CAT-AUDITORIUM-AMENITIES-0FD65B,Performing Arts,Display and Presentation,12,Scored,EqualWeight,20,True
SUB-AUDITORIUM-FUNCTION-LAYOUT-AND-FLEXIBI-C60739,CAT-AUDITORIUM-FUNCTION-4746ED,Performing Arts,Layout and Flexibility,12,Scored,EqualWeight,20,True
SUB-AUDITORIUM-AMENITIES-FURNITURE-AND-EQUI-66D36A,CAT-AUDITORIUM-AMENITIES-0FD65B,Performing Arts,Furniture and Equipment,12,Scored,EqualWeight,30,True
SUB-AUDITORIUM-OCCUPANT-E-OCCUPANT-COMFORT-80CEE2,CAT-AUDITORIUM-OCCUPANT-EXPERIENC-742766,Performing Arts,Occupant Comfort,12,Scored,EqualWeight,20,True
SUB-AUDITORIUM-OBSERVATIO-OBSERVATIONAL-0E91B9,CAT-AUDITORIUM-OBSERVATIONAL-44B90B,Performing Arts,Observational,0,RecordedOnly,EqualWeight_Unscored,10,True
SUB-BLACK-BOX-INFRASTRUC-UTILITIES-AND-TECH-9F29A2,CAT-BLACK-BOX-INFRASTRUCTURE-5710A2,Performing Arts,Utilities and Technology,12,Scored,EqualWeight,10,True
SUB-BLACK-BOX-AMENITIES-STORAGE-012911,CAT-BLACK-BOX-AMENITIES-3335C7,Performing Arts,Storage,12,Scored,EqualWeight,10,True
SUB-BLACK-BOX-AMENITIES-DISPLAY-AND-PRESEN-042F36,CAT-BLACK-BOX-AMENITIES-3335C7,Performing Arts,Display and Presentation,12,Scored,EqualWeight,20,True
SUB-BLACK-BOX-OCCUPANT-E-OCCUPANT-COMFORT-3A2E70,CAT-BLACK-BOX-OCCUPANT-EXPERIENC-AC67B0,Performing Arts,Occupant Comfort,12,Scored,EqualWeight,10,True
SUB-BLACK-BOX-INFRASTRUC-FLOORING-AND-SURFA-B1C4A2,CAT-BLACK-BOX-INFRASTRUCTURE-5710A2,Performing Arts,Flooring and Surface Finishes,12,Scored,EqualWeight,20,True
SUB-BLACK-BOX-FUNCTION-ADJACENCY-AND-ACCE-909918,CAT-BLACK-BOX-FUNCTION-5BDC5C,Performing Arts,Adjacency and Access,12,Scored,EqualWeight,10,True
SUB-BLACK-BOX-OBSERVATIO-OBSERVATIONAL-679E65,CAT-BLACK-BOX-OBSERVATIONAL-AAB33B,Performing Arts,Observational,0,RecordedOnly,EqualWeight_Unscored,10,True
SUB-DANCE-FUNCTION-AVAILABILITY-B49BE1,CAT-DANCE-FUNCTION-4A8551,Performing Arts,Availability,12,Scored,EqualWeight,10,True
SUB-DANCE-FUNCTION-ADJACENCY-AND-ACCE-19E5F2,CAT-DANCE-FUNCTION-4A8551,Performing Arts,Adjacency and Access,12,Scored,EqualWeight,20,True
SUB-DANCE-FUNCTION-LAYOUT-AND-FLEXIBI-3C85DF,CAT-DANCE-FUNCTION-4A8551,Performing Arts,Layout and Flexibility,12,Scored,EqualWeight,30,True
SUB-DANCE-INFRASTRUC-UTILITIES-AND-TECH-CA0E71,CAT-DANCE-INFRASTRUCTURE-C5A48B,Performing Arts,Utilities and Technology,12,Scored,EqualWeight,10,True
SUB-DANCE-AMENITIES-STORAGE-58FD3C,CAT-DANCE-AMENITIES-AD48B5,Performing Arts,Storage,12,Scored,EqualWeight,10,True
SUB-DANCE-AMENITIES-DISPLAY-AND-PRESEN-21FFA9,CAT-DANCE-AMENITIES-AD48B5,Performing Arts,Display and Presentation,12,Scored,EqualWeight,20,True
SUB-DANCE-OCCUPANT-E-OCCUPANT-COMFORT-5610E0,CAT-DANCE-OCCUPANT-EXPERIENC-EA151A,Performing Arts,Occupant Comfort,12,Scored,EqualWeight,10,True
SUB-DANCE-OCCUPANT-E-SAFETY-AND-SUPERVI-1E7BCB,CAT-DANCE-OCCUPANT-EXPERIENC-EA151A,Performing Arts,Safety and Supervision,12,Scored,EqualWeight,20,True
SUB-DANCE-INFRASTRUC-FLOORING-AND-SURFA-2D6490,CAT-DANCE-INFRASTRUCTURE-C5A48B,Performing Arts,Flooring and Surface Finishes,12,Scored,EqualWeight,20,True
SUB-DANCE-AMENITIES-FURNITURE-AND-EQUI-374089,CAT-DANCE-AMENITIES-AD48B5,Performing Arts,Furniture and Equipment,12,Scored,EqualWeight,30,True
SUB-DANCE-OBSERVATIO-OBSERVATIONAL-AC585B,CAT-DANCE-OBSERVATIONAL-0F84B8,Performing Arts,Observational,0,RecordedOnly,EqualWeight_Unscored,10,True
SUB-MUSIC-STUDIO-FUNCTION-AVAILABILITY-B5A73D,CAT-MUSIC-STUDIO-FUNCTION-BAF786,Studios,Availability,12,Scored,EqualWeight,10,True
SUB-MUSIC-STUDIO-FUNCTION-LAYOUT-AND-FLEXIBI-6E211F,CAT-MUSIC-STUDIO-FUNCTION-BAF786,Studios,Layout and Flexibility,12,Scored,EqualWeight,20,True
SUB-MUSIC-STUDIO-INFRASTRUC-UTILITIES-AND-TECH-A6490B,CAT-MUSIC-STUDIO-INFRASTRUCTURE-241A8B,Studios,Utilities and Technology,12,Scored,EqualWeight,10,True
SUB-MUSIC-STUDIO-OCCUPANT-E-AESTHETICS-32EB81,CAT-MUSIC-STUDIO-OCCUPANT-EXPERIENC-F39AA2,Studios,Aesthetics,12,Scored,EqualWeight,10,True
SUB-MUSIC-STUDIO-OCCUPANT-E-OCCUPANT-COMFORT-433DB5,CAT-MUSIC-STUDIO-OCCUPANT-EXPERIENC-F39AA2,Studios,Occupant Comfort,12,Scored,EqualWeight,20,True
SUB-MUSIC-STUDIO-AMENITIES-STORAGE-6DB355,CAT-MUSIC-STUDIO-AMENITIES-338CCC,Studios,Storage,12,Scored,EqualWeight,10,True
SUB-MUSIC-STUDIO-AMENITIES-DISPLAY-AND-PRESEN-F2D458,CAT-MUSIC-STUDIO-AMENITIES-338CCC,Studios,Display and Presentation,12,Scored,EqualWeight,20,True
SUB-MUSIC-STUDIO-OCCUPANT-E-SAFETY-AND-SUPERVI-86C17E,CAT-MUSIC-STUDIO-OCCUPANT-EXPERIENC-F39AA2,Studios,Safety and Supervision,12,Scored,EqualWeight,30,True
SUB-MUSIC-STUDIO-AMENITIES-FURNITURE-AND-EQUI-F8BC42,CAT-MUSIC-STUDIO-AMENITIES-338CCC,Studios,Furniture and Equipment,12,Scored,EqualWeight,30,True
SUB-MUSIC-STUDIO-INFRASTRUC-FLOORING-AND-SURFA-3104D6,CAT-MUSIC-STUDIO-INFRASTRUCTURE-241A8B,Studios,Flooring and Surface Finishes,12,Scored,EqualWeight,20,True
SUB-MUSIC-STUDIO-OBSERVATIO-OBSERVATIONAL-D0ED80,CAT-MUSIC-STUDIO-OBSERVATIONAL-27727B,Studios,Observational,0,RecordedOnly,EqualWeight_Unscored,10,True
SUB-MUSIC-SUITE-FUNCTION-AVAILABILITY-20E6C0,CAT-MUSIC-SUITE-FUNCTION-970CF9,Performing Arts,Availability,12,Scored,EqualWeight,10,True
SUB-MUSIC-SUITE-OCCUPANT-E-CIRCULATION-AND-EG-13B292,CAT-MUSIC-SUITE-OCCUPANT-EXPERIENC-44E346,Performing Arts,Circulation and Egress,12,Scored,EqualWeight,10,True
SUB-MUSIC-SUITE-AMENITIES-STORAGE-E0041F,CAT-MUSIC-SUITE-AMENITIES-5583EE,Performing Arts,Storage,12,Scored,EqualWeight,10,True
SUB-MUSIC-SUITE-FUNCTION-ADJACENCY-AND-ACCE-EA01E3,CAT-MUSIC-SUITE-FUNCTION-970CF9,Performing Arts,Adjacency and Access,12,Scored,EqualWeight,20,True
SUB-MUSIC-SUITE-OCCUPANT-E-OCCUPANT-COMFORT-15B49B,CAT-MUSIC-SUITE-OCCUPANT-EXPERIENC-44E346,Performing Arts,Occupant Comfort,12,Scored,EqualWeight,20,True
SUB-MUSIC-SUITE-AMENITIES-DISPLAY-AND-PRESEN-E875BC,CAT-MUSIC-SUITE-AMENITIES-5583EE,Performing Arts,Display and Presentation,12,Scored,EqualWeight,20,True
SUB-MUSIC-SUITE-FUNCTION-LAYOUT-AND-FLEXIBI-B58CDE,CAT-MUSIC-SUITE-FUNCTION-970CF9,Performing Arts,Layout and Flexibility,12,Scored,EqualWeight,30,True
SUB-MUSIC-SUITE-OBSERVATIO-OBSERVATIONAL-060777,CAT-MUSIC-SUITE-OBSERVATIONAL-2634FA,Performing Arts,Observational,0,RecordedOnly,EqualWeight_Unscored,10,True
SUB-REHEARSAL-HA-FUNCTION-LAYOUT-AND-FLEXIBI-15FA11,CAT-REHEARSAL-HALL-FUNCTION-CBB434,Performing Arts,Layout and Flexibility,12,Scored,EqualWeight,10,True
SUB-REHEARSAL-HA-OCCUPANT-E-OCCUPANT-COMFORT-1D29D4,CAT-REHEARSAL-HALL-OCCUPANT-EXPERIENC-D2CFC3,Performing Arts,Occupant Comfort,12,Scored,EqualWeight,10,True
SUB-REHEARSAL-HA-INFRASTRUC-UTILITIES-AND-TECH-6E9B52,CAT-REHEARSAL-HALL-INFRASTRUCTURE-EB4498,Performing Arts,Utilities and Technology,12,Scored,EqualWeight,10,True
SUB-REHEARSAL-HA-AMENITIES-STORAGE-3D5886,CAT-REHEARSAL-HALL-AMENITIES-D79C89,Performing Arts,Storage,12,Scored,EqualWeight,10,True
SUB-REHEARSAL-HA-AMENITIES-FURNITURE-AND-EQUI-364A6B,CAT-REHEARSAL-HALL-AMENITIES-D79C89,Performing Arts,Furniture and Equipment,12,Scored,EqualWeight,20,True
SUB-REHEARSAL-HA-AMENITIES-DISPLAY-AND-PRESEN-CB4D5A,CAT-REHEARSAL-HALL-AMENITIES-D79C89,Performing Arts,Display and Presentation,12,Scored,EqualWeight,30,True
SUB-REHEARSAL-HA-OCCUPANT-E-SAFETY-AND-SUPERVI-975F59,CAT-REHEARSAL-HALL-OCCUPANT-EXPERIENC-D2CFC3,Performing Arts,Safety and Supervision,12,Scored,EqualWeight,20,True
SUB-REHEARSAL-HA-INFRASTRUC-FLOORING-AND-SURFA-F14460,CAT-REHEARSAL-HALL-INFRASTRUCTURE-EB4498,Performing Arts,Flooring and Surface Finishes,12,Scored,EqualWeight,20,True
SUB-REHEARSAL-HA-OCCUPANT-E-CIRCULATION-AND-EG-DC0497,CAT-REHEARSAL-HALL-OCCUPANT-EXPERIENC-D2CFC3,Performing Arts,Circulation and Egress,12,Scored,EqualWeight,30,True
SUB-REHEARSAL-HA-OBSERVATIO-OBSERVATIONAL-27F780,CAT-REHEARSAL-HALL-OBSERVATIONAL-6BC0EA,Performing Arts,Observational,0,RecordedOnly,EqualWeight_Unscored,10,True
SUB-CAMPUS-GENERAL-CA-AESTHETICS-B6E8B9,CAT-CAMPUS-GENERAL-CAMPUS-3600E7,General,Aesthetics,12,Scored,EqualWeight,10,True
SUB-GENERAL-INFRASTRUC-LIGHTING-2026BE,CAT-GENERAL-INFRASTRUCTURE-D0C830,General,Lighting,12,Scored,EqualWeight,10,True
SUB-GENERAL-INFRASTRUC-DELIVERIES-5EF2E3,CAT-GENERAL-INFRASTRUCTURE-D0C830,General,Deliveries,12,Scored,EqualWeight,20,True
SUB-CAMPUS-GENERAL-CA-BUILDING-ORGANIZAT-B9C4C8,CAT-CAMPUS-GENERAL-CAMPUS-3600E7,General,Building Organization,12,Scored,EqualWeight,20,True
SUB-CAMPUS-FUNCTION-ADJACENCY-AND-ACCE-8E890D,CAT-CAMPUS-FUNCTION-68D5F5,General,Adjacency and Access,12,Scored,EqualWeight,10,True
SUB-CAMPUS-GENERAL-CA-ELEVATORS-C973B6,CAT-CAMPUS-GENERAL-CAMPUS-3600E7,General,Elevators,12,Scored,EqualWeight,30,True
SUB-CAMPUS-GENERAL-CA-DISPLAY-AND-PRESEN-511FA4,CAT-CAMPUS-GENERAL-CAMPUS-3600E7,General,Display and Presentation,12,Scored,EqualWeight,40,True
SUB-CAMPUS-GENERAL-CA-CLOSEOUT-035222,CAT-CAMPUS-GENERAL-CAMPUS-3600E7,General,Closeout,12,Scored,EqualWeight,50,True
SUB-CAMPUS-OBSERVATIO-OBSERVATIONAL-E828CA,CAT-CAMPUS-OBSERVATIONAL-7A8FC2,Closeout,Observational,0,RecordedOnly,EqualWeight_Unscored,10,True
